,text,favourite_count,retweet_count,created_at
0,"When your employees are happy at work, they lead to greater productivity. And that includes all your employees.

He‚Ä¶ https://t.co/F0FxWiJWiU",1,0,2022-01-07 04:30:02+00:00
1,@LgbtqIndia @etimes How is this transgender?,2,0,2022-01-06 10:41:35+00:00
2,@LgbtqIndia @etimes He's playing the role of a 'Launda Naach' artist. Not a transgender person.,1,0,2022-01-06 09:49:23+00:00
3,"Hiring LGBT+ Talent (LGBT+: Lesbian, Gay, Bisexual, Transgender, Queer, Intersex)

Non IT &amp; IT (0 to 18 yrs - India‚Ä¶ https://t.co/GaC2dPDr6a",0,0,2022-01-06 07:58:24+00:00
4,"...Transgender Persons (Protection of #Rights) #Act 2019. 
Registrations open from #January10, 2022. To know more,‚Ä¶ https://t.co/JiyqgIEK52",1,0,2022-01-06 07:10:25+00:00
5,"RT @imhomogeneous: @ANI @LgbtqIndia While trying to completely ignore the unnecessary homophobic comments, I‚Äôd like to convey my heartily c‚Ä¶",0,0,2022-01-06 01:37:45+00:00
6,"Happy new year y'all!

#queer__ed #lgbt #stop_homophobia #trans_india #enby_india #intersex_india‚Ä¶ https://t.co/7YBMChGiQM",1,1,2022-01-05 10:53:51+00:00
7,"@ANI @LgbtqIndia While trying to completely ignore the unnecessary homophobic comments, I‚Äôd like to convey my heart‚Ä¶ https://t.co/2BwrMD61OJ",2,1,2022-01-05 10:00:17+00:00
8,"They say we are just friends
‚Ä¢Two women embracing and using carrots as dildos.
Gouache painting by an Indian painte‚Ä¶ https://t.co/3pwCIRtISN",3,0,2022-01-05 09:15:18+00:00
9,Amrithaü•∞ https://t.co/zy17lCTiUC,5,0,2022-01-05 08:49:19+00:00
10,...working for the #inclusion of #transgender persons into #mainstream society. Help them cover the distance from‚Ä¶ https://t.co/84nGr6ZCQ7,1,0,2022-01-04 10:18:15+00:00
11,"RT @supriya_sule: We, more so as elected public representatives should all strive towards building an inclusive society.
@LgbtqIndia 
@priy‚Ä¶",0,0,2022-01-04 09:12:55+00:00
12,@LgbtqIndia Congratulations üéâ to both of them and best wishes for their future üòçüòç,3,0,2022-01-04 01:20:06+00:00
13,Let us hear the story! Let them be an inspiration to many more weddings ‚ù§ #loveislove #Telangana #queer #LGBTQ‚Ä¶ https://t.co/7ynyiRdJZd,0,0,2022-01-03 13:32:56+00:00
14,@LgbtqIndia Oh god they are so lucky to have a supportive family. Their family was ready to face it all to let the‚Ä¶ https://t.co/xecMEMRy01,1,0,2022-01-03 11:32:06+00:00
15,"...them #avail benefits of #welfare schemes by the #government. 
Here's all you need to know about the portal. (Vis‚Ä¶ https://t.co/MpIPzjHIOv",0,0,2022-01-03 09:36:15+00:00
16,RT @LgbtqIndia: @Practo Here you go again. @Practo never learns from their past mistakes. Despite our repeated requests to disbar doctors o‚Ä¶,0,0,2022-01-03 09:08:07+00:00
17,"...amenities like #food &amp; #medical care, apart from expert advice for gender #transition #surgeries, &amp; #counselling‚Ä¶ https://t.co/KAQ0QqYExo",0,0,2022-01-03 07:25:12+00:00
18,"RT @supriya_sule: We, more so as elected public representatives should all strive towards building an inclusive society.
@LgbtqIndia 
@priy‚Ä¶",0,0,2022-01-02 04:52:55+00:00
19,"RT @DoFactCheck: @KhatriB73084489 *
Gay Rights Are Human Rights.

Follow - @SatrangiSalaam , @aiqalgbtqia , @free_equal , @LgbtqIndia",0,0,2022-01-01 16:30:15+00:00
20,"@KhatriB73084489 *
Gay Rights Are Human Rights.

Follow - @SatrangiSalaam , @aiqalgbtqia , @free_equal , @LgbtqIndia",2,1,2022-01-01 16:24:58+00:00
21,"RT @supriya_sule: We, more so as elected public representatives should all strive towards building an inclusive society.
@LgbtqIndia 
@priy‚Ä¶",0,0,2022-01-01 14:38:48+00:00
22,"RT @supriya_sule: We, more so as elected public representatives should all strive towards building an inclusive society.
@LgbtqIndia 
@priy‚Ä¶",0,0,2022-01-01 12:42:19+00:00
23,@chennaipride https://t.co/PNdRuLl5AK,0,0,2022-01-01 12:10:57+00:00
24,"RT @SamarJaswal1: BJP MLA @SMungantiwar‚Äôs remarks on the LGBTQ+ community are ignorant, hurtful, misguided and downright disgusting. The yo‚Ä¶",0,0,2022-01-01 11:24:26+00:00
25,"RT @supriya_sule: We, more so as elected public representatives should all strive towards building an inclusive society.
@LgbtqIndia 
@priy‚Ä¶",0,0,2022-01-01 08:31:09+00:00
26,"RT @supriya_sule: We, more so as elected public representatives should all strive towards building an inclusive society.
@LgbtqIndia 
@priy‚Ä¶",0,0,2021-12-31 19:27:08+00:00
27,"RT @supriya_sule: We, more so as elected public representatives should all strive towards building an inclusive society.
@LgbtqIndia 
@priy‚Ä¶",0,0,2021-12-31 16:41:33+00:00
28,@cre8ives2dio presents the Exclusive Posters of our Film and it will be releasing on 30th JANUARY 2022 PREMIER on Y‚Ä¶ https://t.co/KAB0OOTTBX,1,0,2021-12-31 16:13:29+00:00
29,"RT @supriya_sule: We, more so as elected public representatives should all strive towards building an inclusive society.
@LgbtqIndia 
@priy‚Ä¶",0,0,2021-12-31 15:37:41+00:00
30,RT @Dhananjay4AAP: .@BJP4Maharashtra leader @SMungantiwar s objection to provisions to include LGBTQ community in university act amendment‚Ä¶,0,0,2021-12-31 15:34:53+00:00
31,"RT @supriya_sule: We, more so as elected public representatives should all strive towards building an inclusive society.
@LgbtqIndia 
@priy‚Ä¶",0,0,2021-12-31 15:08:04+00:00
32,"RT @supriya_sule: We, more so as elected public representatives should all strive towards building an inclusive society.
@LgbtqIndia 
@priy‚Ä¶",0,0,2021-12-31 15:07:55+00:00
33,"RT @supriya_sule: We, more so as elected public representatives should all strive towards building an inclusive society.
@LgbtqIndia 
@priy‚Ä¶",0,0,2021-12-31 14:48:23+00:00
34,"RT @supriya_sule: We, more so as elected public representatives should all strive towards building an inclusive society.
@LgbtqIndia 
@priy‚Ä¶",0,0,2021-12-31 14:40:48+00:00
35,"RT @supriya_sule: We, more so as elected public representatives should all strive towards building an inclusive society.
@LgbtqIndia 
@priy‚Ä¶",0,0,2021-12-31 14:35:32+00:00
36,"RT @supriya_sule: We, more so as elected public representatives should all strive towards building an inclusive society.
@LgbtqIndia 
@priy‚Ä¶",0,0,2021-12-31 14:30:22+00:00
37,"RT @supriya_sule: We, more so as elected public representatives should all strive towards building an inclusive society.
@LgbtqIndia 
@priy‚Ä¶",0,0,2021-12-31 14:28:41+00:00
38,.@BJP4Maharashtra leader @SMungantiwar s objection to provisions to include LGBTQ community in university act amend‚Ä¶ https://t.co/y43vlYH4JM,5,1,2021-12-31 14:25:40+00:00
39,"RT @supriya_sule: We, more so as elected public representatives should all strive towards building an inclusive society.
@LgbtqIndia 
@priy‚Ä¶",0,0,2021-12-31 14:24:30+00:00
40,"RT @supriya_sule: We, more so as elected public representatives should all strive towards building an inclusive society.
@LgbtqIndia 
@priy‚Ä¶",0,0,2021-12-31 14:22:31+00:00
41,"RT @supriya_sule: We, more so as elected public representatives should all strive towards building an inclusive society.
@LgbtqIndia 
@priy‚Ä¶",0,0,2021-12-31 14:21:57+00:00
42,"RT @supriya_sule: We, more so as elected public representatives should all strive towards building an inclusive society.
@LgbtqIndia 
@priy‚Ä¶",0,0,2021-12-31 14:18:54+00:00
43,"We, more so as elected public representatives should all strive towards building an inclusive society.
@LgbtqIndia 
@priyaspeaks",166,19,2021-12-31 14:17:10+00:00
44,RT @cre8ives2dio: @cre8ives2dio presents the Exclusive Posters of our Film and it will be releasing on 30th JANUARY 2022 PREMIER on YouTube‚Ä¶,0,0,2021-12-31 06:23:05+00:00
45,@cre8ives2dio presents the Exclusive Posters of our Film and it will be releasing on 30th JANUARY 2022 PREMIER on Y‚Ä¶ https://t.co/6zSW8Nuoj9,2,1,2021-12-31 06:21:43+00:00
46,Why these kinda ppl still exist in the government? #orinam #pride #lgbtqindia https://t.co/pmXTnbJn03,1,0,2021-12-30 17:53:16+00:00
47,"Queerphobic Rant by this dumb idiot deserves utter condemnation
The fact that he wasn't interrupted and doesn't hav‚Ä¶ https://t.co/ShEvYoW9eU",0,0,2021-12-30 17:30:17+00:00
48,"RT @Komali51415236: @LgbtqIndia I am komali, I am trans gender woman, I am not from hijra community culture. And we are not enchus. All tra‚Ä¶",0,0,2021-12-30 12:22:16+00:00
49,#LGBTQ #LGBTQIA #LGBTQIndia #SudhirMungantiwar #homophobia #homophobic #stophomophobia #LGBTIndia #bjp‚Ä¶ https://t.co/yeYyamLMF3,1,0,2021-12-30 10:26:08+00:00
50,RT @LgbtqIndia: The Black Gloved Writer : Sex workers and the Game called Red Light/Red Light https://t.co/lwt2F7LopE,0,0,2021-12-30 09:52:46+00:00
51,RT @LgbtqIndia: Straight talk: Latheesh Lakshman‚Äôs work mocks the Malayali society‚Äôs false sense of superiority and the heteronormative nar‚Ä¶,0,0,2021-12-30 09:42:10+00:00
52,RT @LgbtqIndia: Legalisation Of Gay Marriages Is Essential For The Indian Economy And Here‚Äôs Why https://t.co/E99IjOVFXD,0,0,2021-12-30 09:40:52+00:00
53,"RT @LgbtqIndia: Sonam Kapoor slams BJP MLA Sudhir Mungantiwar's remarks on LGBTQ community: Ignorant, illiterate  https://t.co/MXHtDazOxZ v‚Ä¶",0,0,2021-12-30 09:40:46+00:00
54,"BJP MLA @SMungantiwar‚Äôs remarks on the LGBTQ+ community are ignorant, hurtful, misguided and downright disgusting.‚Ä¶ https://t.co/0FjAhGRPLe",2,1,2021-12-30 09:40:39+00:00
55,"RT @LgbtqIndia: [LGBTQIA+] The judiciary's path towards ""woke-ness"" till 2021 https://t.co/YawU2hOQss",0,0,2021-12-30 09:35:38+00:00
56,"RT @Komali51415236: @LgbtqIndia Please tell to hijra community people, that trans woman meaning is not hijra. Hijra is cultural identity an‚Ä¶",0,0,2021-12-30 09:00:27+00:00
57,"...community are provided with #food &amp; #medical care, apart from expert advice for gender #transition #surgeries, a‚Ä¶ https://t.co/cuKM1Gc0VK",0,0,2021-12-30 06:24:00+00:00
58,RT @Vaibhav25771632: This is Super Progressive. LGBT Community should learn from them and come out in mainstream. It inspires millions of P‚Ä¶,0,0,2021-12-30 03:09:33+00:00
59,"RT @LgbtqIndia: BJP leader Sudhir Mungantiwar objected to provisions to include LGBTQ community in university act amendment bill: ""How will‚Ä¶",0,0,2021-12-30 02:36:30+00:00
60,"RT @Komali51415236: @LgbtqIndia I am komali, I am trans gender woman, I am not from hijra community culture. And we are not enchus. All tra‚Ä¶",0,0,2021-12-29 19:13:38+00:00
61,Can anyone suggest a documentary or a movie for an Indian guy I know who wants to change his future kids if they ar‚Ä¶ https://t.co/LKoIiPgBbh,0,0,2021-12-29 19:13:21+00:00
62,"@LgbtqIndia Please tell to hijra community people, that trans woman meaning is not hijra. Hijra is cultural identit‚Ä¶ https://t.co/i85AbDL7q7",1,2,2021-12-29 19:03:40+00:00
63,"@LgbtqIndia I am komali, I am trans gender woman, I am not from hijra community culture. And we are not enchus. All‚Ä¶ https://t.co/6MxWWQfpCd",2,2,2021-12-29 18:58:09+00:00
64,"RT @LgbtqIndia: BJP leader Sudhir Mungantiwar objected to provisions to include LGBTQ community in university act amendment bill: ""How will‚Ä¶",0,0,2021-12-29 18:44:55+00:00
65,"RT @Vignesh50880630: Hey y'all ""RW allies"" this the bullcrap you wanted us to put up with. No thenk yewww. Next.",0,0,2021-12-29 16:56:08+00:00
66,"RT @Vignesh50880630: Hey y'all ""RW allies"" this the bullcrap you wanted us to put up with. No thenk yewww. Next.",0,0,2021-12-29 16:52:12+00:00
67,"Hey y'all ""RW allies"" this the bullcrap you wanted us to put up with. No thenk yewww. Next. https://t.co/lLlUsDCrNt",6,2,2021-12-29 15:41:43+00:00
68,RT @LgbtqIndia: Rainbow Olympics To Queer Superheroes: How 2021 Brought More Promise For LGBTQIA+ Community via @Indiatimes https://t.co/kO‚Ä¶,0,0,2021-12-29 15:28:22+00:00
69,"'The Game Of Sexes' is a series on mixed-gender cricket.
#EORTV brings a change with their latest series‚Ä¶ https://t.co/oQYMq1ECHo",0,0,2021-12-29 11:44:26+00:00
70,"EORTV brings a change with their latest series #GameOfTheSexes
exclusive on EORTV
It is believed that men and women‚Ä¶ https://t.co/rl4ijHwNUj",0,0,2021-12-29 11:33:29+00:00
71,"EORTV brings a change with their latest series #GameOfTheSexes

#GameOfTheSexes streaming exclusive on EORTV
.
.‚Ä¶ https://t.co/BPYcv5uaOZ",0,0,2021-12-29 10:55:51+00:00
72,"RT @LgbtqIndia: Singles, queers seek legal route to beat surrogacy bill, become parents https://t.co/Cd2Ua8wJMw via @timesofindia",0,0,2021-12-29 08:41:54+00:00
73,RT @LgbtqIndia: Global acceptance of LGBTQ community gained momentum across world in 2021: A report by the US-based Pew Research Centre htt‚Ä¶,0,0,2021-12-29 08:41:38+00:00
74,"RT @LgbtqIndia: Singles, queers seek legal route to beat surrogacy bill, become parents https://t.co/Cd2Ua8wJMw via @timesofindia",0,0,2021-12-29 08:19:15+00:00
75,@LgbtqIndia üëå,0,0,2021-12-29 08:15:31+00:00
76,"RT @LgbtqIndia: Singles, queers seek legal route to beat surrogacy bill, become parents https://t.co/Cd2Ua8wJMw via @timesofindia",0,0,2021-12-29 06:44:41+00:00
77,"RT @LgbtqIndia: Singles, queers seek legal route to beat surrogacy bill, become parents https://t.co/Cd2Ua8wJMw via @timesofindia",0,0,2021-12-29 06:39:51+00:00
78,RT @LgbtqIndia: Why my partner gets a say in how I run my condom brand https://t.co/uO6KKeLw4s,0,0,2021-12-29 06:24:33+00:00
79,RT @LgbtqIndia: Maharashtra's first trans advocate says ‚Äòpeople still refuse to sit next to us on trains‚Äô https://t.co/q0ihmyNL7o,0,0,2021-12-29 06:24:21+00:00
80,..they face. The Ministry of Social Justice &amp; Empowerment is working for their #welfare through different #schemes‚Ä¶ https://t.co/d2OJnmbzYg,1,0,2021-12-29 06:15:16+00:00
81,RT @LgbtqIndia: Maharashtra's first trans advocate says ‚Äòpeople still refuse to sit next to us on trains‚Äô https://t.co/q0ihmyNL7o,0,0,2021-12-29 06:01:23+00:00
82,"RT @LgbtqIndia: NCERT pulled up by Madras HC, told to begin training on transgender inclusion next year https://t.co/td4mM3XCzD",0,0,2021-12-29 05:23:00+00:00
83,@LgbtqIndia wat n cute.s,0,0,2021-12-28 20:49:38+00:00
84,RT @LgbtqIndia: Madras High Court directs the Union Government to extend the scope of 'Garima Greh' Scheme to all members of the LGBTQIA+ C‚Ä¶,0,0,2021-12-28 15:18:31+00:00
85,RT @LgbtqIndia: Madras High Court directs the Union Government to extend the scope of 'Garima Greh' Scheme to all members of the LGBTQIA+ C‚Ä¶,0,0,2021-12-28 14:54:41+00:00
86,RT @LgbtqIndia: Come Up With Glossary Of Expressions To Address LGBTQ: High Court To Tamil Nadu https://t.co/iJyHuEGqpx via @ndtv,0,0,2021-12-28 14:13:20+00:00
87,RT @LgbtqIndia: This Indian gay couple said ‚ÄòI do‚Äô in Gibraltar https://t.co/EzzSbjEgqN via @cntindia,0,0,2021-12-28 14:13:03+00:00
88,@ashmitadubey28 @LgbtqIndia @IndiaToday How r u,0,0,2021-12-28 12:25:01+00:00
89,@Shivani65188700 @LgbtqIndia @IndiaToday Hi,0,0,2021-12-28 12:13:56+00:00
90,RT @LgbtqIndia: Madras High Court directs the Union Government to extend the scope of 'Garima Greh' Scheme to all members of the LGBTQIA+ C‚Ä¶,0,0,2021-12-28 11:35:59+00:00
91,This is Super Progressive. LGBT Community should learn from them and come out in mainstream. It inspires millions o‚Ä¶ https://t.co/rU5TEqz97s,7,2,2021-12-28 04:15:20+00:00
92,@LgbtqIndia That's a sin,0,0,2021-12-27 17:12:28+00:00
93,@ZoyaTripathy @BJP4India @PMOIndia @SupremeCourtIND @RajyaSabha @indialaw @INCIndia @bjd_odisha @CMO_Odisha‚Ä¶ https://t.co/zsQcuI8T3v,1,0,2021-12-27 15:04:52+00:00
94,"@LgbtqIndia @TelanganaToday Greetings of the season!!!
  Sadhana organization working in education sectors, designi‚Ä¶ https://t.co/EGgJPjIFHU",0,0,2021-12-27 12:52:06+00:00
95,@pameladas2203 @LgbtqIndia @lgbtnewsin @lgbteventsindia @LGBTindiatours @HumsafarTrust @IndianLgbt @MistLGBT Will s‚Ä¶ https://t.co/mNki2QNY65,0,0,2021-12-27 11:16:47+00:00
96,RT @LgbtqIndia: Transgender brothers attacked in TVM; one seriously injured. It is reported that attackers used to disturb the trio by maki‚Ä¶,0,0,2021-12-27 10:56:46+00:00
97,"Hiring LGBT+ Job Seekers (LGBT+ means Lesbian, Gay, Bisexual, Transgender, Queer, Intersex)

Non IT &amp; IT (0 to 18 y‚Ä¶ https://t.co/sHK7DBX2lC",0,0,2021-12-27 10:13:20+00:00
98,RT @LgbtqIndia: Transgender brothers attacked in TVM; one seriously injured. It is reported that attackers used to disturb the trio by maki‚Ä¶,0,0,2021-12-27 05:57:57+00:00
99,The #LGBTQIA deserve same rights and dignity as cisgender and heterosexual people. The actions of those people is d‚Ä¶ https://t.co/YyDjCuoVMP,0,0,2021-12-27 05:50:13+00:00
100,RT @LgbtqIndia: Transgender brothers attacked in TVM; one seriously injured. It is reported that attackers used to disturb the trio by maki‚Ä¶,0,0,2021-12-27 05:44:32+00:00
101,RT @LgbtqIndia: Remembering Shillong‚Äôs first openly transgender woman https://t.co/ouezuw0hUz,0,0,2021-12-27 01:34:12+00:00
102,@LgbtqIndia @LGBT @LGBTfdn @LGBTCenterNYC @LGBTHM @MeeraParida @zainabjp @ssimran1888 @Sadhana03255748 @sahoomeghna‚Ä¶ https://t.co/fSlXyje5Lp,0,0,2021-12-26 19:09:14+00:00
103,Why discrimination with the #LGBTQ people @BJP4India @PMOIndia why such discrimination still &amp; how much we will suf‚Ä¶ https://t.co/c68GoIV6Ik,5,0,2021-12-26 19:03:43+00:00
104,RT @LgbtqIndia: ‚ÄòInclusive‚Äô co-living space for LGBTQs in Hyderabad https://t.co/jmmbAJpPKi via @TelanganaToday,0,0,2021-12-26 17:46:12+00:00
105,"RT @LgbtqIndia: Amid protests, Kozhikode school welcomes gender-neutral uniforms  https://t.co/LUqrBOrvEC via @indiatoday",0,0,2021-12-26 13:15:43+00:00
106,"RT @LgbtqIndia: Bengaluru: Over 5,000 people take part in Namma Pride march, demand legalisation of same sex marriage https://t.co/dwMTECdk‚Ä¶",0,0,2021-12-26 13:00:27+00:00
107,"RT @sandeepbak: Will gay marriage lead to equality in India?
Equality that puts to rest dowry, women living with in-laws, anti-Muslim viole‚Ä¶",0,0,2021-12-26 11:44:58+00:00
108,RT @LgbtqIndia: Remembering Shillong‚Äôs first openly transgender woman https://t.co/ouezuw0hUz,0,0,2021-12-26 10:31:16+00:00
109,RT @LgbtqIndia: Remembering Shillong‚Äôs first openly transgender woman https://t.co/ouezuw0hUz,0,0,2021-12-26 09:05:55+00:00
110,RT @LgbtqIndia: ‚ÄòIt‚Äôs so liberating‚Äô: India‚Äôs first salon run by transgender men  https://t.co/MOdcWyH5ZD,0,0,2021-12-26 05:40:29+00:00
111,RT @LgbtqIndia: ‚ÄòIt‚Äôs so liberating‚Äô: India‚Äôs first salon run by transgender men  https://t.co/MOdcWyH5ZD,0,0,2021-12-26 01:42:16+00:00
112,RT @LgbtqIndia: ‚ÄòIt‚Äôs so liberating‚Äô: India‚Äôs first salon run by transgender men  https://t.co/MOdcWyH5ZD,0,0,2021-12-25 12:33:17+00:00
113,RT @LgbtqIndia: Queer couple who opened LGBTQ+ inclusive restaurant while going through IVF https://t.co/VAo6Znz9q4,0,0,2021-12-25 01:43:01+00:00
114,"RT @LgbtqIndia: Karti P Chidambaram: ‚ÄòLGBTQ population, single men must also have access to Assisted Reproductive tech‚Äô https://t.co/fVpjAK‚Ä¶",0,0,2021-12-24 04:51:04+00:00
115,RT @LgbtqIndia: Odisha Govt invites public views and comments on the comprehensive Draft Transgender Policy on the measures and procedures‚Ä¶,0,0,2021-12-24 03:16:07+00:00
116,RT @LgbtqIndia: Murder of two Transgender Persons in Patna Triggers Protest in Community https://t.co/kPJGN7HrBq,0,0,2021-12-24 02:29:04+00:00
117,RT @LgbtqIndia: 12 pilot shelter homes for transgender persons in 9 states: Govt https://t.co/9pla0YwqwP #latest_news,0,0,2021-12-24 01:47:14+00:00
118,"RT @MobberaF: Even with job opportunities coming their way, when will India be ready for transgender colleagues? #transgender #LGBTQIA",0,0,2021-12-23 19:23:06+00:00
119,"RT @LgbtqIndia: In India, gay, lesbian and trans people can face witchdoctors, exorcists and 'corrective rape' https://t.co/Jq4tFS6ImI via‚Ä¶",0,0,2021-12-23 14:06:43+00:00
120,"RT @LgbtqIndia: Karti P Chidambaram: ‚ÄòLGBTQ population, single men must also have access to Assisted Reproductive tech‚Äô https://t.co/fVpjAK‚Ä¶",0,0,2021-12-23 14:02:40+00:00
121,"RT @LgbtqIndia: Karti P Chidambaram: ‚ÄòLGBTQ population, single men must also have access to Assisted Reproductive tech‚Äô https://t.co/fVpjAK‚Ä¶",0,0,2021-12-23 12:35:35+00:00
122,RT @LgbtqIndia: 12 pilot shelter homes for transgender persons in 9 states: Govt https://t.co/9pla0YwqwP #latest_news,0,0,2021-12-23 12:34:36+00:00
123,"RT @LgbtqIndia: Karti P Chidambaram: ‚ÄòLGBTQ population, single men must also have access to Assisted Reproductive tech‚Äô https://t.co/fVpjAK‚Ä¶",0,0,2021-12-23 08:47:41+00:00
124,RT @LgbtqIndia: 6 Queer Individuals Who Made News With Their Achievements In 2021 https://t.co/bPVCmsZudT via @FeminismInIndia,0,0,2021-12-23 07:48:39+00:00
125,"...#transgenderrights &amp; sensitise people about the issues faced by #transgender persons.
Join us in the discussion.‚Ä¶ https://t.co/DBIipgtHrA",0,0,2021-12-23 06:58:03+00:00
126,"...apart from basic amenities like #food and #medical aid, they provide #skill training to help members explore‚Ä¶ https://t.co/bVCACGfqqG",1,0,2021-12-23 06:41:25+00:00
127,"RT @LgbtqIndia: From Abhijit To Abhina Aher, Here‚Äôs The Story Of A 45-Year-Old Transgender Activist - https://t.co/vs5igSHRfQ",0,0,2021-12-23 02:12:16+00:00
128,"RT @LgbtqIndia: Saudi Arabia: Anything other than male and female is against nature, rejects UN resolution on sexual orientation. https://t‚Ä¶",0,0,2021-12-22 21:16:35+00:00
129,"RT @LgbtqIndia: Noida has a Pride Station, but India still isn‚Äôt ready for transgender colleagues https://t.co/HrpuwJgVnP via @ThePrintIndia",0,0,2021-12-22 18:18:34+00:00
130,"Even with job opportunities coming their way, when will India be ready for transgender colleagues? #transgender‚Ä¶ https://t.co/zmFn47nrbn",3,1,2021-12-22 17:01:40+00:00
131,@LgbtqIndia @IndiaToday Hi @ashmitadubey28,0,0,2021-12-22 14:51:16+00:00
132,"RT @LgbtqIndia: Noida has a Pride Station, but India still isn‚Äôt ready for transgender colleagues https://t.co/HrpuwJgVnP via @ThePrintIndia",0,0,2021-12-22 11:46:55+00:00
133,RT @LgbtqIndia: Murder of two Transgender Persons in Patna Triggers Protest in Community https://t.co/kPJGN7HrBq,0,0,2021-12-22 11:46:39+00:00
134,RT @LgbtqIndia: Murder of two Transgender Persons in Patna Triggers Protest in Community https://t.co/kPJGN7HrBq,0,0,2021-12-22 11:34:42+00:00
135,"... the benefits of #welfare schemes by the #government.
What's more? You don't have to visit any office for that.‚Ä¶ https://t.co/RKA8vfMfhF",0,0,2021-12-22 10:29:52+00:00
136,"RT @LgbtqIndia: Noida has a Pride Station, but India still isn‚Äôt ready for transgender colleagues https://t.co/HrpuwJgVnP via @ThePrintIndia",0,0,2021-12-22 07:59:00+00:00
137,"RT @LgbtqIndia: Can straight men have deep, intimate, and emotionally-dependent friendships with other men? Yes, they can. Does it have to‚Ä¶",0,0,2021-12-22 07:55:41+00:00
138,"...are provided with #medical care, apart from expert advice for gender #transition #surgeries, &amp; #counselling supp‚Ä¶ https://t.co/CT7pM8SQo2",1,0,2021-12-22 06:45:02+00:00
139,RT @LgbtqIndia: @Practo Here you go again. @Practo never learns from their past mistakes. Despite our repeated requests to disbar doctors o‚Ä¶,0,0,2021-12-22 05:55:25+00:00
140,"RT @nedricknews: '‡§™‡§π‡§≤‡•á ‡§ó‡•á ‡§ï‡§™‡§≤' ‡§®‡•á ‡§∞‡§ö‡§æ‡§à ‡§π‡•à‡§¶‡§∞‡§æ‡§¨‡§æ‡§¶ ‡§Æ‡•á‡§Ç ‡§∂‡§æ‡§¶‡•Ä, 8 ‡§∏‡§æ‡§≤‡•ã‡§Ç ‡§∏‡•á ‡§ï‡§∞ ‡§∞‡§π‡•á ‡§•‡•á ‡§è‡§ï ‡§¶‡•Ç‡§∏‡§∞‡•á ‡§ï‡•ã ‡§°‡•á‡§ü! 

#Hyderabad #SocialMedia #ViralNews #Gay #‚Ä¶",0,0,2021-12-22 04:28:04+00:00
141,"RT @ExpressHumane: In a first, The Karnataka State Police has called for applications for the post of special reserve sub-inspector in KSRP‚Ä¶",0,0,2021-12-21 17:56:04+00:00
142,"RT @LgbtqIndia: Can straight men have deep, intimate, and emotionally-dependent friendships with other men? Yes, they can. Does it have to‚Ä¶",0,0,2021-12-21 14:20:19+00:00
143,We need pragmatic policy reforms to protect LGBTQIA+ folks from domestic violence in India. Sexuality and sexual or‚Ä¶ https://t.co/uAgJmRItx0,0,0,2021-12-21 11:33:05+00:00
144,That's interesting to know. Let's target stright men üòÇ https://t.co/2g5ql9FSTC,0,0,2021-12-21 11:27:39+00:00
145,"RT @LgbtqIndia: NCERT trans training manual removed from website wasn‚Äôt final, Centre to LS https://t.co/JaOr1z759B",0,0,2021-12-21 10:06:18+00:00
146,"RT @ExpressHumane: In a first, The Karnataka State Police has called for applications for the post of special reserve sub-inspector in KSRP‚Ä¶",0,0,2021-12-21 09:09:36+00:00
147,"RT @ExpressHumane: In a first, The Karnataka State Police has called for applications for the post of special reserve sub-inspector in KSRP‚Ä¶",0,0,2021-12-21 08:11:20+00:00
148,"RT @ExpressHumane: In a first, The Karnataka State Police has called for applications for the post of special reserve sub-inspector in KSRP‚Ä¶",0,0,2021-12-21 08:05:53+00:00
149,"RT @ExpressHumane: In a first, The Karnataka State Police has called for applications for the post of special reserve sub-inspector in KSRP‚Ä¶",0,0,2021-12-21 08:00:52+00:00
150,"In a first, The Karnataka State Police has called for applications for the post of special reserve sub-inspector in‚Ä¶ https://t.co/e07ewVia19",4,5,2021-12-21 08:00:26+00:00
151,"RT @LgbtqIndia: From Abhijit To Abhina Aher, Here‚Äôs The Story Of A 45-Year-Old Transgender Activist - https://t.co/vs5igSHRfQ",0,0,2021-12-21 06:59:02+00:00
152,"RT @LgbtqIndia: Tamil Nadu: 'Only mother's womb and cemetery are safe', minor alleges sexual harassment in her suicide note.
https://t.co/f‚Ä¶",0,0,2021-12-21 06:57:07+00:00
153,"RT @LgbtqIndia: Can straight men have deep, intimate, and emotionally-dependent friendships with other men? Yes, they can. Does it have to‚Ä¶",0,0,2021-12-21 06:56:54+00:00
154,"RT @LgbtqIndia: NCERT trans training manual removed from website wasn‚Äôt final, Centre to LS https://t.co/JaOr1z759B",0,0,2021-12-21 06:56:46+00:00
155,"RT @LgbtqIndia: ‚ÄúThe Only Way to Survive is by Being Loud‚Äù - Experience of a Transwoman
https://t.co/b1nfilRTw5",0,0,2021-12-21 06:56:01+00:00
156,"RT @LgbtqIndia: Mother, 5 others kill son for becoming transwoman in Salem, arrested  https://t.co/fiwnZaQQdu via @dt_next",0,0,2021-12-21 06:54:57+00:00
157,RT @LgbtqIndia: Karnataka Police To Recruit Transgender Candidates For The First Time Under Amended Law. https://t.co/4BSWkivj6a,0,0,2021-12-21 06:52:01+00:00
158,RT @LgbtqIndia: Karnataka Police To Recruit Transgender Candidates For The First Time Under Amended Law. https://t.co/4BSWkivj6a,0,0,2021-12-21 06:37:39+00:00
159,@LgbtqIndia @dt_next Adding misgendering to the triggers...,1,0,2021-12-21 06:31:41+00:00
160,"RT @LgbtqIndia: Bengaluru: Over 5,000 people take part in Namma Pride march, demand legalisation of same sex marriage https://t.co/dwMTECdk‚Ä¶",0,0,2021-12-21 05:19:00+00:00
161,"RT @LgbtqIndia: Umadevi was unable to accept her daughter Akshita's gender identity, she wanted to take her for hormone treatment with help‚Ä¶",0,0,2021-12-21 01:44:19+00:00
162,RT @LgbtqIndia: Fighting the good fight @chefritudalmia @MenakaGuruswamy  https://t.co/FGsyyH7jUz,0,0,2021-12-20 15:26:40+00:00
163,RT @LgbtqIndia: 'I now pronounce you husband and husband':¬†Telangana's first gay wedding takes place in Hyderabad https://t.co/5El9GGVJ8E v‚Ä¶,0,0,2021-12-20 12:57:22+00:00
164,"RT @nedricknews: '‡§™‡§π‡§≤‡•á ‡§ó‡•á ‡§ï‡§™‡§≤' ‡§®‡•á ‡§∞‡§ö‡§æ‡§à ‡§π‡•à‡§¶‡§∞‡§æ‡§¨‡§æ‡§¶ ‡§Æ‡•á‡§Ç ‡§∂‡§æ‡§¶‡•Ä, 8 ‡§∏‡§æ‡§≤‡•ã‡§Ç ‡§∏‡•á ‡§ï‡§∞ ‡§∞‡§π‡•á ‡§•‡•á ‡§è‡§ï ‡§¶‡•Ç‡§∏‡§∞‡•á ‡§ï‡•ã ‡§°‡•á‡§ü! 

#Hyderabad #SocialMedia #ViralNews #Gay #‚Ä¶",0,0,2021-12-20 12:50:38+00:00
165,"RT @nedricknews: '‡§™‡§π‡§≤‡•á ‡§ó‡•á ‡§ï‡§™‡§≤' ‡§®‡•á ‡§∞‡§ö‡§æ‡§à ‡§π‡•à‡§¶‡§∞‡§æ‡§¨‡§æ‡§¶ ‡§Æ‡•á‡§Ç ‡§∂‡§æ‡§¶‡•Ä, 8 ‡§∏‡§æ‡§≤‡•ã‡§Ç ‡§∏‡•á ‡§ï‡§∞ ‡§∞‡§π‡•á ‡§•‡•á ‡§è‡§ï ‡§¶‡•Ç‡§∏‡§∞‡•á ‡§ï‡•ã ‡§°‡•á‡§ü! 

#Hyderabad #SocialMedia #ViralNews #Gay #‚Ä¶",0,0,2021-12-20 12:30:37+00:00
166,RT @LgbtqIndia: Fighting the good fight @chefritudalmia @MenakaGuruswamy  https://t.co/FGsyyH7jUz,0,0,2021-12-20 09:53:29+00:00
167,"RT @nedricknews: '‡§™‡§π‡§≤‡•á ‡§ó‡•á ‡§ï‡§™‡§≤' ‡§®‡•á ‡§∞‡§ö‡§æ‡§à ‡§π‡•à‡§¶‡§∞‡§æ‡§¨‡§æ‡§¶ ‡§Æ‡•á‡§Ç ‡§∂‡§æ‡§¶‡•Ä, 8 ‡§∏‡§æ‡§≤‡•ã‡§Ç ‡§∏‡•á ‡§ï‡§∞ ‡§∞‡§π‡•á ‡§•‡•á ‡§è‡§ï ‡§¶‡•Ç‡§∏‡§∞‡•á ‡§ï‡•ã ‡§°‡•á‡§ü! 

#Hyderabad #SocialMedia #ViralNews #Gay #‚Ä¶",0,0,2021-12-20 09:41:58+00:00
168,RT @LgbtqIndia: Hyderabad: Gay wedding officiated by trans woman for first time in India https://t.co/Po1hXVSB1H via @TelanganaToday,0,0,2021-12-20 09:40:38+00:00
169,"'‡§™‡§π‡§≤‡•á ‡§ó‡•á ‡§ï‡§™‡§≤' ‡§®‡•á ‡§∞‡§ö‡§æ‡§à ‡§π‡•à‡§¶‡§∞‡§æ‡§¨‡§æ‡§¶ ‡§Æ‡•á‡§Ç ‡§∂‡§æ‡§¶‡•Ä, 8 ‡§∏‡§æ‡§≤‡•ã‡§Ç ‡§∏‡•á ‡§ï‡§∞ ‡§∞‡§π‡•á ‡§•‡•á ‡§è‡§ï ‡§¶‡•Ç‡§∏‡§∞‡•á ‡§ï‡•ã ‡§°‡•á‡§ü! 

#Hyderabad #SocialMedia #ViralNews‚Ä¶ https://t.co/nZKw09KN7k",5,4,2021-12-20 09:39:30+00:00
170,"...amenities like #food &amp; #medical aid, they provide #skill training to help members explore #livelihood opportunit‚Ä¶ https://t.co/3Bfni3CO0u",0,0,2021-12-20 09:29:46+00:00
171,"RT @LgbtqIndia: Bengaluru: Over 5,000 people take part in Namma Pride march, demand legalisation of same sex marriage https://t.co/dwMTECdk‚Ä¶",0,0,2021-12-20 09:26:14+00:00
172,Congratulations to the happy couple. A change is coming where love wins. https://t.co/x9zBCNYNZ7,0,0,2021-12-20 08:54:13+00:00
173,@LgbtqIndia @TelanganaToday The change is coming!,0,0,2021-12-20 08:52:32+00:00
174,"Telangana gay couple became the first to have same-sex marriage in India.
https://t.co/2IHLc3Rg4X 
#samesexwedding #gaywedding #lgbtqindia",2,0,2021-12-20 08:50:26+00:00
175,RT @DoFactCheck: ‡§§‡§Æ‡§ø‡§≤‡§®‡§æ‡§°‡•Å ‡§Æ‡•á‡§Ç ‡§Æ‡§æ‡§Å ‡§®‡•á ‡§Ö‡§™‡§®‡•á ‡§¨‡•á‡§ü‡•Ä ‡§ï‡•ã ‡§Æ‡§æ‡§∞ ‡§°‡§æ‡§≤‡§æ ‡•§ ‡§ò‡§∞ - ‡§™‡§∞‡§ø‡§µ‡§æ‡§∞ - ‡§∏‡§ø‡§∏‡•ç‡§ü‡§Æ - ‡§∏‡§Æ‡§æ‡§ú ‡§®‡•á ‡§è‡§ï ‡§î‡§∞ LGBTQ+ Person ‡§ï‡•ã ‡§Æ‡•å‡§§ ‡§ï‡•á ‡§ò‡§æ‡§ü ‡§â‡§§‡§æ‡§∞ ‡§¶‡§ø‡§Ø‡§æ ‡•§ L‚Ä¶,0,0,2021-12-20 08:31:32+00:00
176,"RT @DoFactCheck: ‡§ï‡•É‡§™‡§Ø‡§æ ‡§á‡§® Accounts ‡§ï‡•ã Follow ‡§ï‡§∞‡§ï‡•á LGBTQ+ Rights ‡§ï‡§æ ‡§∏‡§Æ‡§∞‡•ç‡§•‡§® ‡§ï‡§∞‡•á :-

1. @LgbtqIndia 

2. @SatrangiSalaam

3. @AIQAlgbtqia 

4.‚Ä¶",0,0,2021-12-20 06:58:18+00:00
177,‡§§‡§Æ‡§ø‡§≤‡§®‡§æ‡§°‡•Å ‡§Æ‡•á‡§Ç ‡§Æ‡§æ‡§Å ‡§®‡•á ‡§Ö‡§™‡§®‡•á ‡§¨‡•á‡§ü‡•Ä ‡§ï‡•ã ‡§Æ‡§æ‡§∞ ‡§°‡§æ‡§≤‡§æ ‡•§ ‡§ò‡§∞ - ‡§™‡§∞‡§ø‡§µ‡§æ‡§∞ - ‡§∏‡§ø‡§∏‡•ç‡§ü‡§Æ - ‡§∏‡§Æ‡§æ‡§ú ‡§®‡•á ‡§è‡§ï ‡§î‡§∞ LGBTQ+ Person ‡§ï‡•ã ‡§Æ‡•å‡§§ ‡§ï‡•á ‡§ò‡§æ‡§ü ‡§â‡§§‡§æ‡§∞‚Ä¶ https://t.co/ILM3O95G8l,5,1,2021-12-20 06:54:10+00:00
178,"RT @LgbtqIndia: Umadevi was unable to accept her daughter Akshita's gender identity, she wanted to take her for hormone treatment with help‚Ä¶",0,0,2021-12-20 06:26:05+00:00
179,"RT @LgbtqIndia: Umadevi was unable to accept her daughter Akshita's gender identity, she wanted to take her for hormone treatment with help‚Ä¶",0,0,2021-12-20 06:23:03+00:00
180,"RT @LgbtqIndia: Bengaluru: Over 5,000 people take part in Namma Pride march, demand legalisation of same sex marriage https://t.co/dwMTECdk‚Ä¶",0,0,2021-12-20 06:18:54+00:00
181,"I am there, I am there üòÉüòÉüòÉ https://t.co/d54eMMjX2G",2,0,2021-12-20 06:13:33+00:00
182,"RT @LgbtqIndia: Bengaluru: Over 5,000 people take part in Namma Pride march, demand legalisation of same sex marriage https://t.co/dwMTECdk‚Ä¶",0,0,2021-12-20 06:11:59+00:00
183,RT @LgbtqIndia: Hyderabad: Gay wedding officiated by trans woman for first time in India https://t.co/Po1hXVSB1H via @TelanganaToday,0,0,2021-12-20 05:57:39+00:00
184,"RT @LgbtqIndia: Bengaluru: Over 5,000 people take part in Namma Pride march, demand legalisation of same sex marriage https://t.co/dwMTECdk‚Ä¶",0,0,2021-12-20 05:29:02+00:00
185,"RT @LgbtqIndia: Bengaluru: Over 5,000 people take part in Namma Pride march, demand legalisation of same sex marriage https://t.co/dwMTECdk‚Ä¶",0,0,2021-12-20 05:13:33+00:00
186,RT @LgbtqIndia: 'I now pronounce you husband and husband':¬†Telangana's first gay wedding takes place in Hyderabad https://t.co/5El9GGVJ8E v‚Ä¶,0,0,2021-12-20 04:09:00+00:00
187,Wohooo! Years of struggle finally starting to pay off. Hearts to the couple! ‚ù§Ô∏è‚ù§Ô∏è‚ù§Ô∏è https://t.co/bpVFhWWACs,0,0,2021-12-20 03:30:28+00:00
188,"RT @DoFactCheck: ‡§ï‡•É‡§™‡§Ø‡§æ ‡§á‡§® Accounts ‡§ï‡•ã Follow ‡§ï‡§∞‡§ï‡•á LGBTQ+ Rights ‡§ï‡§æ ‡§∏‡§Æ‡§∞‡•ç‡§•‡§® ‡§ï‡§∞‡•á :-

1. @LgbtqIndia 

2. @SatrangiSalaam

3. @AIQAlgbtqia 

4.‚Ä¶",0,0,2021-12-20 03:29:30+00:00
189,"RT @DoFactCheck: ‡§ï‡•É‡§™‡§Ø‡§æ ‡§á‡§® Accounts ‡§ï‡•ã Follow ‡§ï‡§∞‡§ï‡•á LGBTQ+ Rights ‡§ï‡§æ ‡§∏‡§Æ‡§∞‡•ç‡§•‡§® ‡§ï‡§∞‡•á :-

1. @LgbtqIndia 

2. @SatrangiSalaam

3. @AIQAlgbtqia 

4.‚Ä¶",0,0,2021-12-20 03:19:40+00:00
190,"‡§ï‡•É‡§™‡§Ø‡§æ ‡§á‡§® Accounts ‡§ï‡•ã Follow ‡§ï‡§∞‡§ï‡•á LGBTQ+ Rights ‡§ï‡§æ ‡§∏‡§Æ‡§∞‡•ç‡§•‡§® ‡§ï‡§∞‡•á :-

1. @LgbtqIndia 

2. @SatrangiSalaam

3.‚Ä¶ https://t.co/yTbccONAKC",4,3,2021-12-20 03:16:22+00:00
191,RT @LgbtqIndia: Hyderabad: Gay wedding officiated by trans woman for first time in India https://t.co/Po1hXVSB1H via @TelanganaToday,0,0,2021-12-19 23:16:23+00:00
192,RT @LgbtqIndia: Hyderabad: Gay wedding officiated by trans woman for first time in India https://t.co/Po1hXVSB1H via @TelanganaToday,0,0,2021-12-19 21:51:25+00:00
193,RT @LgbtqIndia: Fighting the good fight @chefritudalmia @MenakaGuruswamy  https://t.co/FGsyyH7jUz,0,0,2021-12-19 19:50:38+00:00
194,RT @LgbtqIndia: 'I now pronounce you husband and husband':¬†Telangana's first gay wedding takes place in Hyderabad https://t.co/5El9GGVJ8E v‚Ä¶,0,0,2021-12-19 19:24:37+00:00
195,@airtelindia @Airtel_Presence this was an interesting use case for a company to adopt to quickly changing social no‚Ä¶ https://t.co/crRFZcbQe7,1,0,2021-12-19 18:18:36+00:00
196,"@airtelindia @Airtel_Presence ..out loud that if the Indian government can recognise gender X, why not a phone comp‚Ä¶ https://t.co/67hIQWQz4W",1,0,2021-12-19 18:16:26+00:00
197,"@airtelindia @Airtel_Presence experienced this yesterday. A prospective transgender customer, who underwent a facia‚Ä¶ https://t.co/AumXjXhPEU",1,0,2021-12-19 18:13:43+00:00
198,"RT @LgbtqIndia: Saudi Arabia: Anything other than male and female is against nature, rejects UN resolution on sexual orientation. https://t‚Ä¶",0,0,2021-12-19 18:06:59+00:00
199,RT @LgbtqIndia: 'I now pronounce you husband and husband':¬†Telangana's first gay wedding takes place in Hyderabad https://t.co/5El9GGVJ8E v‚Ä¶,0,0,2021-12-19 18:06:22+00:00
200,RT @LgbtqIndia: Fighting the good fight @chefritudalmia @MenakaGuruswamy  https://t.co/FGsyyH7jUz,0,0,2021-12-19 18:04:29+00:00
201,RT @LgbtqIndia: Fighting the good fight @chefritudalmia @MenakaGuruswamy  https://t.co/FGsyyH7jUz,0,0,2021-12-19 17:46:27+00:00
202,RT @LgbtqIndia: Fighting the good fight @chefritudalmia @MenakaGuruswamy  https://t.co/FGsyyH7jUz,0,0,2021-12-19 17:45:54+00:00
203,RT @LgbtqIndia: 'I now pronounce you husband and husband':¬†Telangana's first gay wedding takes place in Hyderabad https://t.co/5El9GGVJ8E v‚Ä¶,0,0,2021-12-19 17:31:35+00:00
204,RT @LgbtqIndia: 'I now pronounce you husband and husband':¬†Telangana's first gay wedding takes place in Hyderabad https://t.co/5El9GGVJ8E v‚Ä¶,0,0,2021-12-19 16:52:45+00:00
205,RT @LgbtqIndia: 'I now pronounce you husband and husband':¬†Telangana's first gay wedding takes place in Hyderabad https://t.co/5El9GGVJ8E v‚Ä¶,0,0,2021-12-19 16:52:19+00:00
206,"RT @LgbtqIndia: Saudi Arabia: Anything other than male and female is against nature, rejects UN resolution on sexual orientation. https://t‚Ä¶",0,0,2021-12-19 16:33:23+00:00
207,RT @LgbtqIndia: 'I now pronounce you husband and husband':¬†Telangana's first gay wedding takes place in Hyderabad https://t.co/5El9GGVJ8E v‚Ä¶,0,0,2021-12-19 16:24:00+00:00
208,RT @LgbtqIndia: 'I now pronounce you husband and husband':¬†Telangana's first gay wedding takes place in Hyderabad https://t.co/5El9GGVJ8E v‚Ä¶,0,0,2021-12-19 16:14:27+00:00
209,@ZoyaTripathy @BJD4Odisha @CMO_Odisha @GovernorOdisha @pranabpdas @jenapratap66 @bjd_odisha @Sadhana03255748‚Ä¶ https://t.co/97NsNPqhB4,0,0,2021-12-19 02:39:14+00:00
210,Such an idol from the transgenders to always empower @MeeraParida its an honor for @BJD4Odisha to have you‚Ä¶ https://t.co/THT5oLa6XA,10,0,2021-12-18 19:28:54+00:00
211,RT @LgbtqIndia: https://t.co/0dSb15GWSm is looking to enter into matchmaking for LGBTQ+ https://t.co/AROMIfIz0v via @BiIndia,0,0,2021-12-18 14:15:24+00:00
212,"@LgbtqIndia @BiIndia OMG ! Such a great initiative 
Must be appreciate üòÉ",2,0,2021-12-18 13:34:44+00:00
213,RT @LgbtqIndia: https://t.co/0dSb15GWSm is looking to enter into matchmaking for LGBTQ+ https://t.co/AROMIfIz0v via @BiIndia,0,0,2021-12-18 13:04:41+00:00
214,RT @LgbtqIndia: https://t.co/0dSb15GWSm is looking to enter into matchmaking for LGBTQ+ https://t.co/AROMIfIz0v via @BiIndia,0,0,2021-12-18 12:26:55+00:00
215,"RT @UvEnglish: Tough to get representation right when closeted gay actors fear getting typecast:@ayushmannk
https://t.co/clofPtJDjA
@LgbtqI‚Ä¶",0,0,2021-12-18 11:26:47+00:00
216,"RT @UvEnglish: Tough to get representation right when closeted gay actors fear getting typecast:@ayushmannk
https://t.co/clofPtJDjA
@LgbtqI‚Ä¶",0,0,2021-12-18 10:41:20+00:00
217,"RT @UvEnglish: Tough to get representation right when closeted gay actors fear getting typecast:@ayushmannk
https://t.co/clofPtJDjA
@LgbtqI‚Ä¶",0,0,2021-12-18 10:16:37+00:00
218,Tough to get representation right when closeted gay actors fear getting typecast:@ayushmannk‚Ä¶ https://t.co/AHgqJNCyXb,2,3,2021-12-18 09:40:43+00:00
219,"RT @LgbtqIndia: Why LGBTQIA+ community is upset with Ranveer, Ayushmann https://t.co/2A5AYquG6c",0,0,2021-12-18 07:37:57+00:00
220,"RT @LgbtqIndia: Why LGBTQIA+ community is upset with Ranveer, Ayushmann https://t.co/2A5AYquG6c",0,0,2021-12-18 05:31:16+00:00
221,"RT @LgbtqIndia: As a 12-year-old queer kid, I was enthralled by Anne Rice's fictional worlds: @RakeshSatyal
https://t.co/a29W9sP5a9",0,0,2021-12-18 00:50:49+00:00
222,"RT @LgbtqIndia: Amid protests, Kozhikode school welcomes gender-neutral uniforms  https://t.co/LUqrBOrvEC via @indiatoday",0,0,2021-12-17 20:15:59+00:00
223,RT @LgbtqIndia: Tough to get representation right when closeted gay actors fear getting typecast: Ayushmann Khurrana  https://t.co/Y8adaLi1‚Ä¶,0,0,2021-12-17 16:19:30+00:00
224,"...them #avail benefits of #welfare schemes by the #government. 
Here's all you need to know about the portal (‚Ä¶ https://t.co/V4pncjUMwJ",0,0,2021-12-17 10:15:13+00:00
225,"RT @LgbtqIndia: For the first time in the Indian Institute of Science‚Äôs history, QUASI, a student-led queer support group, will be organisi‚Ä¶",0,0,2021-12-17 09:34:00+00:00
226,"RT @LgbtqIndia: Transgender person found dead in TN's Cuddalore district, case booked for murder https://t.co/kOP2IhinWQ via @IndianExpress",0,0,2021-12-17 09:33:35+00:00
227,RT @LgbtqIndia: Indians &amp; Their Kinks: People Let Us In On Their Sexual Preferences https://t.co/DDMFWCnp1E #homegrown,0,0,2021-12-17 09:32:45+00:00
228,RT @LgbtqIndia: Report Steps Taken To Provide Reservation To Transgender Persons In Educational Institutions &amp; Public Appointments: Kerala‚Ä¶,0,0,2021-12-17 09:31:16+00:00
229,RT @LgbtqIndia: Pune: Third Pimpri-Chinchwad LGBTI Pride Walk To Be Held On December 19 https://t.co/oKNwnUao8a,0,0,2021-12-17 09:29:38+00:00
230,RT @LgbtqIndia: Report Steps Taken To Provide Reservation To Transgender Persons In Educational Institutions &amp; Public Appointments: Kerala‚Ä¶,0,0,2021-12-17 09:29:01+00:00
231,RT @LgbtqIndia: Aadhaar set to expand by 900K with court order to include sex workers. https://t.co/KnaepT8vDq,0,0,2021-12-17 09:28:10+00:00
232,"RT @NISD_India: ...of #welfare schemes by the #government. If anyone is having a technical problem related to the #portal, there's help ava‚Ä¶",0,0,2021-12-17 08:36:20+00:00
233,"...of #welfare schemes by the #government. If anyone is having a technical problem related to the #portal, there's‚Ä¶ https://t.co/oTz2FoP0fb",3,2,2021-12-17 07:17:16+00:00
234,"RT @TOIPlus: Stealing non-binary, genderfluid fashion styles, this sense of dressing without any acknowledgement of its history and the yea‚Ä¶",0,0,2021-12-17 07:11:35+00:00
235,@srinicorn @LgbtqIndia @hiyer @jaiveersj @thedivasushant @alokvmenon @beinglgbti @Queerfolksjammu @LGBTQueerala‚Ä¶ https://t.co/W8btHjboSL,0,0,2021-12-17 07:10:33+00:00
236,RT @LgbtqIndia: Tough to get representation right when closeted gay actors fear getting typecast: Ayushmann Khurrana  https://t.co/Y8adaLi1‚Ä¶,0,0,2021-12-17 06:56:43+00:00
237,RT @LgbtqIndia: Vaani Kapoor: Chandigarh Kare Aashiqui breaks stereotype that trans girl is a man dressed in saree https://t.co/yiyib8Qv0e‚Ä¶,0,0,2021-12-17 06:28:41+00:00
238,"RT @TOIPlus: Stealing non-binary, genderfluid fashion styles, this sense of dressing without any acknowledgement of its history and the yea‚Ä¶",0,0,2021-12-17 05:43:53+00:00
239,"RT @ivinaynirmala: If celebs want to be ""allies"", where do they disappear when the queer community pleads for support?¬†

@LgbtqIndia @hiyer‚Ä¶",0,0,2021-12-17 05:37:16+00:00
240,"RT @IndiaLgbtqQnQ: Dear Maa &amp; Paa,

My #Section377 will get read down the day you both accept me as me. üò¢üòî

Your Gay Son.. üòî

#Section377Ve‚Ä¶",0,0,2021-12-17 05:27:23+00:00
241,@ivinaynirmala @LgbtqIndia @hiyer @jaiveersj @thedivasushant @alokvmenon @beinglgbti @Queerfolksjammu @LGBTQueerala‚Ä¶ https://t.co/UrRvTTMlTS,1,0,2021-12-17 04:45:59+00:00
242,"If celebs want to be ""allies"", where do they disappear when the queer community pleads for support?¬†

@LgbtqIndia‚Ä¶ https://t.co/AKUbQBp9rw",2,1,2021-12-17 04:43:47+00:00
243,"@TOIPlus @timesofindia @ivinaynirmala @LgbtqIndia @gaysifamily @HumsafarTrust @ayushmannk Check out this videoüëá
https://t.co/zrsSJQPc7k",0,0,2021-12-17 03:41:40+00:00
244,@TOIPlus @timesofindia @ivinaynirmala @LgbtqIndia @gaysifamily @HumsafarTrust @ayushmannk https://t.co/L3DOhP9OsY,0,0,2021-12-17 03:37:30+00:00
245,"Stealing non-binary, genderfluid fashion styles, this sense of dressing without any acknowledgement of its history‚Ä¶ https://t.co/Yg6hEW3aqF",20,2,2021-12-17 03:30:00+00:00
246,RT @LgbtqIndia: Take strict action against forced conversion of LGBTIQ community members: HC to Kerala govt https://t.co/s4fKfQyo3X,0,0,2021-12-17 03:10:41+00:00
247,Essential move. Appreciable! All schools should follow soon. https://t.co/nWPpOaK4Ia,0,0,2021-12-16 11:47:40+00:00
248,"...and apart from basic amenities like food and #medical aid, they provide #skill training to help members explore‚Ä¶ https://t.co/mW7OICGTqT",1,0,2021-12-16 10:56:34+00:00
249,@ivinaynirmala @hiyer @beinglgbti @LgbtqIndia @lgbtqnation @AIDS_conference @ssimran1888 @meisabheena‚Ä¶ https://t.co/MkX7uBJIuB,1,0,2021-12-15 12:48:28+00:00
250,@srinicorn @hiyer @beinglgbti @LgbtqIndia @lgbtqnation @AIDS_conference @ssimran1888 @meisabheena @huffpostqueer‚Ä¶ https://t.co/C3w0SZdrHv,0,0,2021-12-15 11:25:42+00:00
251,@ivinaynirmala @hiyer @beinglgbti @LgbtqIndia @lgbtqnation @AIDS_conference @ssimran1888 @meisabheena‚Ä¶ https://t.co/A9UfvaV9tx,0,0,2021-12-15 11:23:29+00:00
252,@ivinaynirmala @hiyer @beinglgbti @LgbtqIndia @lgbtqnation @AIDS_conference @ssimran1888 @meisabheena‚Ä¶ https://t.co/gDzOp36B3u,1,0,2021-12-15 11:11:32+00:00
253,"DO NOT fucking mention having 'LGBT+' members when your app is so fucking femmephobic.  

üçÜüñïüèæ @hiyer @beinglgbti‚Ä¶ https://t.co/MtydL0MXD3",0,0,2021-12-15 10:58:43+00:00
254,"Hiring LGBT+ Talent - PAN India

Experience: 0 to 15 yrs 

Multiple Industries

View relevant opportunities at:‚Ä¶ https://t.co/DBHSYAtx6T",0,0,2021-12-15 08:45:46+00:00
255,"RT @LgbtqIndia: Watch | The Kerala government releases an animated short film on sex education among children.
https://t.co/imAckmJORg",0,0,2021-12-15 07:06:27+00:00
256,"RT @LgbtqIndia: During COVID-19, trans people in India came together to keep each other alive https://t.co/3Y0HFk6Yf2 via @ConversationCA",0,0,2021-12-15 06:32:12+00:00
257,"RT @LgbtqIndia: Trans organiser of Karachi's climate march allegedly tortured, raped. Activists say she was picked up by armed men seeking‚Ä¶",0,0,2021-12-15 06:11:16+00:00
258,RT @LgbtqIndia: Take strict action against forced conversion of LGBTIQ community members: HC to Kerala govt https://t.co/s4fKfQyo3X,0,0,2021-12-15 06:03:33+00:00
259,"RT @LgbtqIndia: During COVID-19, trans people in India came together to keep each other alive https://t.co/3Y0HFk6Yf2 via @ConversationCA",0,0,2021-12-15 06:01:00+00:00
260,"RT @LgbtqIndia: During COVID-19, trans people in India came together to keep each other alive https://t.co/3Y0HFk6Yf2 via @ConversationCA",0,0,2021-12-15 05:50:33+00:00
261,@ndtvindia the fact that you decided to sensationalise her gender rather than her talent and creativity shows your‚Ä¶ https://t.co/tnDNor29r7,0,0,2021-12-15 04:16:41+00:00
262,RT @LgbtqIndia: @Practo Here you go again. @Practo never learns from their past mistakes. Despite our repeated requests to disbar doctors o‚Ä¶,0,0,2021-12-15 03:17:49+00:00
263,@LgbtqIndia @Practo Our it's high time our Mental Health Systems wake up from deep sleep and embrace #LGBTQI+ commu‚Ä¶ https://t.co/70mhEw4Pq6,1,0,2021-12-15 03:17:46+00:00
264,"RT @LgbtqIndia: Odisha government comes up with a draft policy for the transgender population that proposes equal education, employment, he‚Ä¶",0,0,2021-12-15 02:53:36+00:00
265,"RT @LgbtqIndia: Odisha government comes up with a draft policy for the transgender population that proposes equal education, employment, he‚Ä¶",0,0,2021-12-15 01:45:00+00:00
266,"RT @LgbtqIndia: Odisha government comes up with a draft policy for the transgender population that proposes equal education, employment, he‚Ä¶",0,0,2021-12-14 14:51:03+00:00
267,@chennaipride  @manuraj1983 https://t.co/jmeTJuk2HH,0,0,2021-12-14 12:02:30+00:00
268,"RT @LgbtqIndia: Odisha government comes up with a draft policy for the transgender population that proposes equal education, employment, he‚Ä¶",0,0,2021-12-14 12:02:00+00:00
269,"RT @LgbtqIndia: Odisha government comes up with a draft policy for the transgender population that proposes equal education, employment, he‚Ä¶",0,0,2021-12-14 10:50:55+00:00
270,RT @LgbtqIndia: The Lahore High Court (LHC) seeks replies on hiring of transgender persons in public sector https://t.co/Unn8qKGNFm,0,0,2021-12-14 07:01:00+00:00
271,"RT @LgbtqIndia: Tirupur transsexual couple seek police protection, as their parents opposed their marriage. https://t.co/PeXcMYSzyj via @ti‚Ä¶",0,0,2021-12-14 07:00:50+00:00
272,"RT @LgbtqIndia: Tirupur transsexual couple seek police protection, as their parents opposed their marriage. https://t.co/PeXcMYSzyj via @ti‚Ä¶",0,0,2021-12-14 06:54:19+00:00
273,"RT @aiqalgbtqia: Kindly click on the link to know the current situation about LGBTQIA+ community in Uttarpradesh. 

Link -:- https://t.co/W‚Ä¶",0,0,2021-12-14 05:45:10+00:00
274,RT @LgbtqIndia: Transwoman Saisha Shinde has designed Miss Universe 2021 Harnaaz Sandhu's gown. Details here https://t.co/yfSguctNPT via @i‚Ä¶,0,0,2021-12-14 01:57:12+00:00
275,"@MoHUA_India @pib_MoSJE @MSJEGOI  @NISD_India @NitishKumar @officecmbihar 
How the Pakistan giving equality for Tra‚Ä¶ https://t.co/UyXFHinY6j",2,0,2021-12-14 00:42:13+00:00
276,"RT @LgbtqIndia: Being A Transwoman Herself, Screenwriter Gazal Dhaliwal Praises 'Chandigarh Kare Aashiqui' via @Indiatimes https://t.co/Cpr‚Ä¶",0,0,2021-12-13 21:46:14+00:00
277,"RT @aiqalgbtqia: Kindly click on the link to know the current situation about LGBTQIA+ community in Uttarpradesh. 

Link -:- https://t.co/W‚Ä¶",0,0,2021-12-13 19:21:38+00:00
278,RT @LgbtqIndia: Transwoman Saisha Shinde has designed Miss Universe 2021 Harnaaz Sandhu's gown. Details here https://t.co/yfSguctNPT via @i‚Ä¶,0,0,2021-12-13 15:38:41+00:00
279,"RT @aiqalgbtqia: Kindly click on the link to know the current situation about LGBTQIA+ community in Uttarpradesh. 

Link -:- https://t.co/W‚Ä¶",0,0,2021-12-13 14:12:01+00:00
280,"Kindly click on the link to know the current situation about LGBTQIA+ community in Uttarpradesh. 

Link -:-‚Ä¶ https://t.co/ictqtsu9xy",6,3,2021-12-13 14:00:01+00:00
281,...shelter homes are run by transgender community-led organisations and provide skill training to help members expl‚Ä¶ https://t.co/daS0C9Wd5p,1,0,2021-12-13 11:30:53+00:00
282,RT @LgbtqIndia: Transwoman Saisha Shinde has designed Miss Universe 2021 Harnaaz Sandhu's gown. Details here https://t.co/yfSguctNPT via @i‚Ä¶,0,0,2021-12-13 09:32:09+00:00
283,RT @LgbtqIndia: Increased self-testing could make a profound difference to managing AIDS in India: Dr. Jalpa Thakker  https://t.co/smwI7SMC‚Ä¶,0,0,2021-12-13 08:13:00+00:00
284,"RT @LgbtqIndia: Sindh becomes first province in Pakistan to reserve seats for transgender community, people of determination in local counc‚Ä¶",0,0,2021-12-13 08:12:31+00:00
285,"RT @LgbtqIndia: Sindh becomes first province in Pakistan to reserve seats for transgender community, people of determination in local counc‚Ä¶",0,0,2021-12-13 06:21:24+00:00
286,"RT @LgbtqIndia: Sindh becomes first province in Pakistan to reserve seats for transgender community, people of determination in local counc‚Ä¶",0,0,2021-12-13 06:15:40+00:00
287,RT @LgbtqIndia: Is Victorian morality clouding same-sex marriage law? https://t.co/HcPjuaDvU3 @deccanherald,0,0,2021-12-12 15:42:31+00:00
288,"RT @LgbtqIndia: Marginalisation not only occurs for members of lower castes, but also for particular genders or identities with specific se‚Ä¶",0,0,2021-12-12 14:29:13+00:00
289,RT @LgbtqIndia: Abhishek Kapoor on not casting a transgender person in Chandigarh Kare Aashiqui: ‚ÄòWhy is everything legitimised by an actor‚Ä¶,0,0,2021-12-12 03:19:17+00:00
290,"Unfortunately these ""filmmakers and writer"" do not ever get that their cinema is surviving on and exploiting the op‚Ä¶ https://t.co/LSbaW4P2vA",0,0,2021-12-11 16:48:16+00:00
291,This is really great that it's coming from a sitting justice of the supreme court. https://t.co/AsDywy5xJY,2,0,2021-12-11 11:35:30+00:00
292,"RT @GINindianUK: Lokesh @lowcashart found this great collection of resources for  LGBTQ+ people &amp; communities in India. 
Thank you so much‚Ä¶",0,0,2021-12-11 11:14:31+00:00
293,@GINindianUK @lowcashart @LgbtqIndia @joshi_london @totallyoutnow @BritishAsianLGB @nazandmatt @djritu1 @ashkotak‚Ä¶ https://t.co/8EB4NVXX82,4,0,2021-12-11 11:03:03+00:00
294,RT @LgbtqIndia: My Mother‚Äôs Girlfriend is about a lesbian couple not seeking society‚Äôs approval https://t.co/TaEmvZTNTD,0,0,2021-12-11 10:28:26+00:00
295,"RT @LgbtqIndia: Tata Group company, Tata Consumer Products Ltd (TCPL), the maker of fast moving consumer goods such as Tata Tea, Tata Salt,‚Ä¶",0,0,2021-12-11 01:11:42+00:00
296,RT @LgbtqIndia: Nadira Mehrin becomes the first transwoman to enrol for a second post-graduation course under the Kerala government‚Äôs trans‚Ä¶,0,0,2021-12-11 01:10:42+00:00
297,RT @totallyoutnow: @GINindianUK @lowcashart @LgbtqIndia @joshi_london @BritishAsianLGB @nazandmatt @djritu1 @ashkotak @Laks_Mann Excellent.‚Ä¶,0,0,2021-12-10 15:16:17+00:00
298,RT @LgbtqIndia: Nadira Mehrin becomes the first transwoman to enrol for a second post-graduation course under the Kerala government‚Äôs trans‚Ä¶,0,0,2021-12-10 12:21:55+00:00
299,"...the #inclusion of the #lgbtqia community into #mainstream society. 
Help them cover the distance from‚Ä¶ https://t.co/zICxq1HOMa",1,0,2021-12-10 11:17:52+00:00
300,@TheAhmedShariff I ahve always supported @gayindia @LgbtqIndia but seeing so many of them with such hatred tweets..‚Ä¶ https://t.co/JYXpeAUnth,0,0,2021-12-10 09:52:37+00:00
301,"...by the #government.
Apply now -- more than 3800 certificates issued already!
To know more and to apply, visit:‚Ä¶ https://t.co/d5o0BtLCjY",0,0,2021-12-10 09:49:16+00:00
302,RT @RSK65203477: @manuraj1983 @NadjaNadika @arundhatikatju good to hear that a judge is atleast willing to understand about it.. still a lo‚Ä¶,0,0,2021-12-10 09:39:39+00:00
303,"RT @GINindianUK: Lokesh @lowcashart found this great collection of resources for  LGBTQ+ people &amp; communities in India. 
Thank you so much‚Ä¶",0,0,2021-12-10 09:03:16+00:00
304,"RT @GINindianUK: Lokesh @lowcashart found this great collection of resources for  LGBTQ+ people &amp; communities in India. 
Thank you so much‚Ä¶",0,0,2021-12-09 19:27:42+00:00
305,RT @totallyoutnow: @GINindianUK @lowcashart @LgbtqIndia @joshi_london @BritishAsianLGB @nazandmatt @djritu1 @ashkotak @Laks_Mann Excellent.‚Ä¶,0,0,2021-12-09 19:26:54+00:00
306,"RT @GINindianUK: Lokesh @lowcashart found this great collection of resources for  LGBTQ+ people &amp; communities in India. 
Thank you so much‚Ä¶",0,0,2021-12-09 19:26:35+00:00
307,@GINindianUK @lowcashart @LgbtqIndia @joshi_london @BritishAsianLGB @nazandmatt @djritu1 @ashkotak @Laks_Mann Excel‚Ä¶ https://t.co/Ljyf5EMduo,4,2,2021-12-09 19:26:28+00:00
308,"RT @GINindianUK: Lokesh @lowcashart found this great collection of resources for  LGBTQ+ people &amp; communities in India. 
Thank you so much‚Ä¶",0,0,2021-12-09 19:25:55+00:00
309,"Lokesh @lowcashart found this great collection of resources for  LGBTQ+ people &amp; communities in India. 
Thank you s‚Ä¶ https://t.co/Qc6fgYsWqN",11,5,2021-12-09 19:25:15+00:00
310,"RT @LgbtqIndia: Tata Group company, Tata Consumer Products Ltd (TCPL), the maker of fast moving consumer goods such as Tata Tea, Tata Salt,‚Ä¶",0,0,2021-12-09 17:29:02+00:00
311,"RT @LgbtqIndia: Tata Group company, Tata Consumer Products Ltd (TCPL), the maker of fast moving consumer goods such as Tata Tea, Tata Salt,‚Ä¶",0,0,2021-12-09 14:00:11+00:00
312,"RT @LgbtqIndia: Tata Group company, Tata Consumer Products Ltd (TCPL), the maker of fast moving consumer goods such as Tata Tea, Tata Salt,‚Ä¶",0,0,2021-12-09 11:59:56+00:00
313,RT @LgbtqIndia: TN photographer Jaisingh Nageswaran collaborates with a Bengaluru-based collective ‚Äî Maraa and a trans community organisati‚Ä¶,0,0,2021-12-09 07:21:56+00:00
314,...are one of the most #marginalised groups in our society. The session included a detailed presentation on the‚Ä¶ https://t.co/5qrgkAawMn,1,0,2021-12-09 07:11:18+00:00
315,"...#livelihood opportunities. 
To know more about Garima Greh and their locations, visit: https://t.co/xnBPKLxkxP‚Ä¶ https://t.co/jczFy5MH6q",1,0,2021-12-09 06:40:04+00:00
316,RT @LgbtqIndia: Tamil Nadu Govt Considering Amendments In Police Conduct Rules To Prevent Harassment Of LGBTQIA+ Community: State Tells Mad‚Ä¶,0,0,2021-12-09 05:52:43+00:00
317,"RT @LgbtqIndia: Same-sex relationships have been growing in numbers, with partners ready to move out of their marriages.
https://t.co/RkYtK‚Ä¶",0,0,2021-12-08 18:37:08+00:00
318,"RT @LgbtqIndia: Marginalisation not only occurs for members of lower castes, but also for particular genders or identities with specific se‚Ä¶",0,0,2021-12-08 16:48:54+00:00
319,RT @LgbtqIndia: Faraz Arif Ansari: My aim is to make an LGBTQ film with a superstar. @futterwackening  https://t.co/AnfgMu3Nfw,0,0,2021-12-08 16:29:36+00:00
320,@LgbtqIndia @TheSiasatDaily I keep swaying between appreciating and hating Justice Chandrachud.,1,0,2021-12-08 16:13:57+00:00
321,"RT @LgbtqIndia: Marginalisation not only occurs for members of lower castes, but also for particular genders or identities with specific se‚Ä¶",0,0,2021-12-08 16:12:55+00:00
322,RT @LgbtqIndia: Tamil Nadu Govt Considering Amendments In Police Conduct Rules To Prevent Harassment Of LGBTQIA+ Community: State Tells Mad‚Ä¶,0,0,2021-12-08 11:23:02+00:00
323,"@LgbtqIndia *
CM @MKstalin ‡§ï‡•á ‡§®‡•á‡§§‡•É‡§§‡•ç‡§µ ‡§Æ‡•á‡§Ç ‡§§‡§Æ‡§ø‡§≤‡§®‡§æ‡§°‡•Å ‡§∏‡§∞‡§ï‡§æ‡§∞ ‡§¨‡§π‡•Å‡§§ ‡§π‡•Ä ‡§â‡§Æ‡•ç‡§¶‡§æ ‡§ï‡§æ‡§Æ ‡§ï‡§∞ ‡§∞‡§π‡•Ä ‡§π‡•à ‡•§
DMK ‡§ï‡•Ä ‡§∏‡§π‡§Ø‡•ã‡§ó‡•Ä ‡§ï‡§æ‡§Ç‡§ó‡•ç‡§∞‡•á‡§∏ ‡§ï‡•ã ‡§¨‡§æ‚Ä¶ https://t.co/A7v6d5mXls",0,0,2021-12-08 11:22:55+00:00
324,RT @LgbtqIndia: Tamil Nadu Govt Considering Amendments In Police Conduct Rules To Prevent Harassment Of LGBTQIA+ Community: State Tells Mad‚Ä¶,0,0,2021-12-08 08:57:04+00:00
325,"RT @LgbtqIndia: Same-sex relationships have been growing in numbers, with partners ready to move out of their marriages.
https://t.co/RkYtK‚Ä¶",0,0,2021-12-08 08:57:04+00:00
326,"RT @LgbtqIndia: Same-sex relationships have been growing in numbers, with partners ready to move out of their marriages.
https://t.co/RkYtK‚Ä¶",0,0,2021-12-08 07:48:44+00:00
327,RT @LgbtqIndia: Tamil Nadu Govt Considering Amendments In Police Conduct Rules To Prevent Harassment Of LGBTQIA+ Community: State Tells Mad‚Ä¶,0,0,2021-12-08 07:40:15+00:00
328,RT @LgbtqIndia: Tamil Nadu Govt Considering Amendments In Police Conduct Rules To Prevent Harassment Of LGBTQIA+ Community: State Tells Mad‚Ä¶,0,0,2021-12-08 07:37:31+00:00
329,"RT @LgbtqIndia: With the NCERT curriculum coming under fire for trying to normalise queerness, could children‚Äôs fiction step in to help you‚Ä¶",0,0,2021-12-07 15:52:44+00:00
330,"RT @LgbtqIndia: With the NCERT curriculum coming under fire for trying to normalise queerness, could children‚Äôs fiction step in to help you‚Ä¶",0,0,2021-12-07 13:02:26+00:00
331,"...2019, and Rules, 2020,"" tomorrow (#December8) at 3pm. Join us in the discussion. Click: https://t.co/I7MXq0oKuw‚Ä¶ https://t.co/cVufKYgURk",0,0,2021-12-07 11:39:02+00:00
332,RT @LgbtqIndia: Forum urges MPs to air their voice against Centre‚Äôs move to list transgender people in OBC category it would do injustice t‚Ä¶,0,0,2021-12-07 10:29:08+00:00
333,"RT @LgbtqIndia: With the NCERT curriculum coming under fire for trying to normalise queerness, could children‚Äôs fiction step in to help you‚Ä¶",0,0,2021-12-07 09:57:18+00:00
334,"RT @LgbtqIndia: How Indian Culture Influences Sexual Fantasies, According to Sex Experts https://t.co/HVNtUEbamk via @vice",0,0,2021-12-06 09:22:06+00:00
335,RT @LgbtqIndia: Kerala govt failed in implementing transgender policy: Amicus curiae report https://t.co/RKnztfTvT2 via @indiatoday,0,0,2021-12-06 09:20:56+00:00
336,@LgbtqIndia @IndiaToday Place support lgbt ok,0,0,2021-12-06 07:20:34+00:00
337,RT @LgbtqIndia: Kerala govt failed in implementing transgender policy: Amicus curiae report https://t.co/RKnztfTvT2 via @indiatoday,0,0,2021-12-06 07:20:19+00:00
338,"RT @TbiHindi: ‡§Æ‡•à‡§Ç ‡§ö‡§æ‡§π‡§§‡•Ä ‡§π‡•Ç‡§Ç ‡§ï‡§ø ‡§∏‡§Æ‡§æ‡§ú ‡§π‡§Æ‡•á‡§Ç ‡§≠‡•Ä ‡§¨‡§∞‡§æ‡§¨‡§∞‡•Ä ‡§ï‡•Ä ‡§®‡§ú‡§º‡§∞ ‡§∏‡•á ‡§¶‡•á‡§ñ‡•á, ‡§π‡§Æ ‡§≠‡•Ä ‡§¨‡§æ‡§ï‡•Ä ‡§≤‡•ã‡§ó‡•ã‡§Ç ‡§ï‡•Ä ‡§§‡§∞‡§π ‡§∏‡§æ‡§Æ‡§æ‡§®‡•ç‡§Ø ‡§π‡•à‡§Ç‡•§""- ‡§∂‡•ç‡§∞‡•Å‡§§‡§ø ‡§∏‡§ø‡§§‡§æ‡§∞‡§æ @QueerNaari @Lgbtq‚Ä¶",0,0,2021-12-05 03:23:52+00:00
339,RT @LgbtqIndia: Bhopal: A plea of queer gas tragedy survivor to in-community Dow CEO https://t.co/R05w6Tqpyi,0,0,2021-12-04 19:03:42+00:00
340,RT @LgbtqIndia: Kerala native Sruthy Sithara crowned Ms Trans Global Universe https://t.co/E1we3r5YIA via @NewIndianXpress,0,0,2021-12-04 19:03:17+00:00
341,"RT @LgbtqIndia: How Indian Culture Influences Sexual Fantasies, According to Sex Experts https://t.co/HVNtUEbamk via @vice",0,0,2021-12-04 14:27:05+00:00
342,"RT @TbiHindi: ‡§Æ‡•à‡§Ç ‡§ö‡§æ‡§π‡§§‡•Ä ‡§π‡•Ç‡§Ç ‡§ï‡§ø ‡§∏‡§Æ‡§æ‡§ú ‡§π‡§Æ‡•á‡§Ç ‡§≠‡•Ä ‡§¨‡§∞‡§æ‡§¨‡§∞‡•Ä ‡§ï‡•Ä ‡§®‡§ú‡§º‡§∞ ‡§∏‡•á ‡§¶‡•á‡§ñ‡•á, ‡§π‡§Æ ‡§≠‡•Ä ‡§¨‡§æ‡§ï‡•Ä ‡§≤‡•ã‡§ó‡•ã‡§Ç ‡§ï‡•Ä ‡§§‡§∞‡§π ‡§∏‡§æ‡§Æ‡§æ‡§®‡•ç‡§Ø ‡§π‡•à‡§Ç‡•§""- ‡§∂‡•ç‡§∞‡•Å‡§§‡§ø ‡§∏‡§ø‡§§‡§æ‡§∞‡§æ @QueerNaari @Lgbtq‚Ä¶",0,0,2021-12-04 12:43:14+00:00
343,"@TbiHindi @LgbtqIndia Thanks a lot for this article
May I suggest something 
""‡§™‡§π‡§≤‡•Ä ‡§ü‡•ç‡§∞‡§æ‡§Ç‡§∏‡§ú‡•á‡§Ç‡§°‡§∞"" ‡§®‡§π‡•Ä‡§Ç ""‡§ü‡•ç‡§∞‡§æ‡§Ç‡§∏‡§ú‡•á‡§Ç‡§°‡§∞ ‡§Æ‡§π‡§ø‡§≤‡§æ"" ‡§≤‡§ø‡§ñ‡§ø‡§è‡•§ üôè",1,0,2021-12-04 08:28:14+00:00
344,"‡§Æ‡•à‡§Ç ‡§ö‡§æ‡§π‡§§‡•Ä ‡§π‡•Ç‡§Ç ‡§ï‡§ø ‡§∏‡§Æ‡§æ‡§ú ‡§π‡§Æ‡•á‡§Ç ‡§≠‡•Ä ‡§¨‡§∞‡§æ‡§¨‡§∞‡•Ä ‡§ï‡•Ä ‡§®‡§ú‡§º‡§∞ ‡§∏‡•á ‡§¶‡•á‡§ñ‡•á, ‡§π‡§Æ ‡§≠‡•Ä ‡§¨‡§æ‡§ï‡•Ä ‡§≤‡•ã‡§ó‡•ã‡§Ç ‡§ï‡•Ä ‡§§‡§∞‡§π ‡§∏‡§æ‡§Æ‡§æ‡§®‡•ç‡§Ø ‡§π‡•à‡§Ç‡•§""- ‡§∂‡•ç‡§∞‡•Å‡§§‡§ø ‡§∏‡§ø‡§§‡§æ‡§∞‡§æ‚Ä¶ https://t.co/7nKhst0PD6",9,2,2021-12-04 07:46:19+00:00
345,"This is definitely not 'Vasudeva Kutumbam'. ART bill is not in the spirit of hinduism
https://t.co/w3rWIetqQN‚Ä¶ https://t.co/XelvklV76V",0,0,2021-12-03 17:58:20+00:00
346,@LgbtqIndia i mean.. duh lol,0,0,2021-12-03 12:04:09+00:00
347,RT @LgbtqIndia: Same-sex marriage: social attitudes rooted in conservatism https://t.co/gaw5msmBLh,0,0,2021-12-03 11:27:40+00:00
348,RT @LgbtqIndia: Same-sex marriage: social attitudes rooted in conservatism https://t.co/gaw5msmBLh,0,0,2021-12-03 09:43:26+00:00
349,@LgbtqIndia @indiatvnews Which film,0,0,2021-12-03 08:27:04+00:00
350,RT @QueerPunjab: Agricultural Education Dayüìñüåæ to commemorate the birth anniversary of first President of Independent India and Union Minist‚Ä¶,0,0,2021-12-03 06:37:14+00:00
351,Agricultural Education Dayüìñüåæ to commemorate the birth anniversary of first President of Independent India and Union‚Ä¶ https://t.co/NsQZGaPOJB,0,1,2021-12-03 06:37:11+00:00
352,"‡®ñ‡©á‡®§‡©Ä‡®¨‡®æ‡©ú‡©Ä ‡®∏‡®ø‡©±‡®ñ‡®ø‡®Ü ‡®¶‡®ø‡®µ‡®∏ üìñüåæ‡®∏‡©Å‡®§‡©∞‡®§‡®∞ ‡®≠‡®æ‡®∞‡®§ ‡®¶‡©á ‡®™‡®π‡®ø‡®≤‡©á ‡®∞‡®æ‡®∏‡®º‡®ü‡®∞‡®™‡®§‡©Ä ‡®Ö‡®§‡©á ‡®ï‡©á‡®Ç‡®¶‡®∞‡©Ä ‡®ñ‡©á‡®§‡©Ä‡®¨‡®æ‡©ú‡©Ä ‡®Æ‡©∞‡®§‡®∞‡©Ä, ‡®≠‡®æ‡®∞‡®§ ‡®∞‡®§‡®®, ‡®°‡®æ. ‡®∞‡®æ‡®ú‡©á‡®Ç‡®¶‡®∞ ‡®™‡©ç‡®∞‡®∏‡®æ‡®¶ ‡®¶‡©á ‡®ú‡®®‚Ä¶ https://t.co/OzEewn8mlp",0,0,2021-12-03 06:30:31+00:00
353,RT @LgbtqIndia: Over 86% HIV cases in Assam caused sexually https://t.co/BBRzMJnnTZ via @timesofindia,0,0,2021-12-02 15:00:46+00:00
354,...their #gender identity card &amp; certificate. The portal simplifies the process as one doesn't need to visit an off‚Ä¶ https://t.co/she21aF76c,0,0,2021-12-02 11:18:41+00:00
355,"RT @LgbtqIndia: In a first, Madhya Pradesh home department permits a woman constable to undergo gender affirmation surgery without affectin‚Ä¶",0,0,2021-12-02 10:47:14+00:00
356,"...support for the #skill development of #lgbtqia members to help them earn a #livelihood. 
There are 12 Garima Gre‚Ä¶ https://t.co/lKM3LE42JM",0,0,2021-12-02 07:09:32+00:00
357,RT @LgbtqIndia: World AIDS Day: Remembering Dominic D‚ÄôSouza Whose Case Helped Change HIV Treatment In India.  https://t.co/zdNBPtDwk7,0,0,2021-12-02 06:41:06+00:00
358,RT @LgbtqIndia: World AIDS Day: How Aware is Delhi On HIV-AIDS? https://t.co/BN7lUepzug via @indiatoday,0,0,2021-12-01 21:03:15+00:00
359,"Hiring #LGBT across India for Inclusive Organizations

Entry to Senior Level, visit https://t.co/gaLnd1RjU3

Upload‚Ä¶ https://t.co/LYOhldxmcQ",0,0,2021-12-01 17:33:35+00:00
360,RT @LgbtqIndia: World AIDS Day: Remembering Dominic D‚ÄôSouza Whose Case Helped Change HIV Treatment In India.  https://t.co/zdNBPtDwk7,0,0,2021-12-01 17:16:04+00:00
361,"RT @LgbtqIndia: Aarathana, a 30-year-old transwoman, exhausted by her run from the pillar to the post for a job has urged the Collector to‚Ä¶",0,0,2021-12-01 14:40:45+00:00
362,"RT @LgbtqIndia: Rahul Ravindran says he is open to working with transgender assistant director, earns ‚Äòrespect‚Äô from fans https://t.co/o6FZ‚Ä¶",0,0,2021-12-01 10:40:14+00:00
363,"@LgbtqIndia @EconomicTimes A bit misleading an article isn't it? It's only about awareness building, which many other places also do",0,0,2021-12-01 09:00:49+00:00
364,RT @LgbtqIndia: Ayushmann Khurrana Painted His Nails and Called it 'Gender Fluid'. Internet Schooled Him https://t.co/PGHUbFHKRP,0,0,2021-12-01 08:02:39+00:00
365,RT @LgbtqIndia: Ayushmann Khurrana Painted His Nails and Called it 'Gender Fluid'. Internet Schooled Him https://t.co/PGHUbFHKRP,0,0,2021-12-01 07:41:26+00:00
366,RT @LgbtqIndia: HC asks Centre to respond to plea for live streaming of proceedings on same sex marriage petitions https://t.co/w9IH8XC5Zi‚Ä¶,0,0,2021-11-30 14:55:10+00:00
367,@LgbtqIndia @NewIndianXpress why do they need till february to reply?,0,0,2021-11-30 14:19:25+00:00
368,@LgbtqIndia Reading down #Section377 is not enough. #GayMarriage must be allowed. Hope #DelhiHighCourt will take a‚Ä¶ https://t.co/ttoG4MIdGQ,3,0,2021-11-30 08:01:34+00:00
369,"RT @LgbtqIndia: Gay couple fight for right to marry, final hearing tomorrow https://t.co/XvLxkiZppp",0,0,2021-11-30 03:51:09+00:00
370,"@LgbtqIndia fingers crossed ü§ûüèº, and also I would like to thank each and every person in our great country #India fi‚Ä¶ https://t.co/aYS6eeNTDj",3,0,2021-11-30 03:50:49+00:00
371,@pragyavats @NGOProtsahan @KhabarLahariya @yourdost @NadjaNadika @QueenKalki @weareyuvaa @LgbtqIndia @BrownGirlMag‚Ä¶ https://t.co/L3HZSL0IAw,2,0,2021-11-30 03:42:21+00:00
372,"RT @LgbtqIndia: Gay couple fight for right to marry, final hearing tomorrow https://t.co/XvLxkiZppp",0,0,2021-11-29 14:35:10+00:00
373,RT @LgbtqIndia: Big fat gay Indian wedding? Same-sex couple fight for right to marry https://t.co/ogp6fvHgD8,0,0,2021-11-29 06:30:31+00:00
374,RT @LgbtqIndia: Telangana: 30% men unaware that contraception can prevent AIDS https://t.co/X0HIJlxLVa via @TheSiasatDaily,0,0,2021-11-29 06:10:40+00:00
375,"For more info on the portal, visit: https://t.co/xnBPKLxkxP
#lgbtqindia #transgenderpride #transgenderawareness‚Ä¶ https://t.co/r4mrPS2JWi",1,0,2021-11-29 05:58:22+00:00
376,@HumsafarTrust @LgbtqIndia,2,0,2021-11-28 12:22:54+00:00
377,"RT @LgbtqIndia: Bullying of LGBTQ+ community a problem, says book reviewer Tejuja https://t.co/SwH9l9GM6Q via @timesofindia",0,0,2021-11-28 05:08:21+00:00
378,"RT @LgbtqIndia: 'Bring back manual on inclusion of transgender children in schools': 43 LGBTQIA+ groups, over 700 individuals endorse open‚Ä¶",0,0,2021-11-27 12:35:14+00:00
379,RT @LgbtqIndia: View: Do Vedas permit a man to marry a man? - https://t.co/Y1MRuTgrw7 via @economictimes,0,0,2021-11-27 08:45:48+00:00
380,"RT @LgbtqIndia: Stay-At-Home Dad to Makeup Tutorials &amp; Kolam: 6 Men Breaking ‚ÄòMard‚Äô Stereotypes
https://t.co/QwvAF51mNG",0,0,2021-11-27 04:53:00+00:00
381,"RT @LgbtqIndia: Queer artists have a hard time entering mainstream media
https://t.co/j2KjG0Jxwl",0,0,2021-11-27 04:52:50+00:00
382,RT @LgbtqIndia: Kerala school introduces gender neutral uniforms for all students https://t.co/vmPrLETlPr,0,0,2021-11-27 04:52:24+00:00
383,"RT @LgbtqIndia: 'Bring back manual on inclusion of transgender children in schools': 43 LGBTQIA+ groups, over 700 individuals endorse open‚Ä¶",0,0,2021-11-26 22:27:32+00:00
384,"RT @sustainablyurs: We kickstart the Transgender Awareness Week by highlighting the significance and how can we support the community.

Be‚Ä¶",0,0,2021-11-26 22:01:51+00:00
385,RT @LgbtqIndia: Aarya 2 actor Vikas Kumar on showcasing his homosexual cop act with deft. https://t.co/2K6OsSTiVQ,0,0,2021-11-26 18:52:54+00:00
386,"RT @LgbtqIndia: 'Bring back manual on inclusion of transgender children in schools': 43 LGBTQIA+ groups, over 700 individuals endorse open‚Ä¶",0,0,2021-11-26 18:42:39+00:00
387,"RT @LgbtqIndia: Allahabad HC Directs Name, Gender Change Of A Transgender In Educational Records Following UP Education Board's denial http‚Ä¶",0,0,2021-11-26 18:38:30+00:00
388,@PawanDhall @guptakaushik1 @povmumbai @LgbtqIndia @lgbtqnation @QueerDesi,0,0,2021-11-26 17:00:50+00:00
389,RT @LgbtqIndia: Tata Steel best employer for leading the way in LGBT inclusion. https://t.co/DQ3JIbU2Dr,0,0,2021-11-26 08:53:19+00:00
390,@LgbtqIndia Real Headline : 'How is congress party pretending to promote LGBT only on Twitter? Since 2018 #After377‚Ä¶ https://t.co/7yCjEsDDdW,1,0,2021-11-25 11:55:21+00:00
391,"...
For more information on the portal, visit: https://t.co/xnBPKLxkxP
#lgbtqindia #transgenderpride‚Ä¶ https://t.co/rBIwkyOJxB",0,0,2021-11-25 07:03:48+00:00
392,"RT @LgbtqIndia: Psychological pressure, financial extortion, forceful expenditure, derogatory emails or any abuse on grounds of religion, c‚Ä¶",0,0,2021-11-25 04:27:19+00:00
393,"RT @LgbtqIndia: Specify Steps Taken For Welfare Of Transgender Persons, Implementation Of SC's NALSA Ruling: Kerala HC To State Legal Servi‚Ä¶",0,0,2021-11-24 22:30:53+00:00
394,"...help them earn a #livelihood and lead a life of #dignity. 
To know more about Garima Greh and their locations, v‚Ä¶ https://t.co/rBTIqDeGGb",1,0,2021-11-24 10:52:06+00:00
395,"RT @LgbtqIndia: Psychological pressure, financial extortion, forceful expenditure, derogatory emails or any abuse on grounds of religion, c‚Ä¶",0,0,2021-11-24 09:43:34+00:00
396,RT @LgbtqIndia: Don‚Äôt dither on Saurabh Kirpal's appointment https://t.co/oOytS1uWyf @deccanherald,0,0,2021-11-24 08:07:50+00:00
397,"...them earn a #livelihood and lead a life of #dignity. 
To know more about Garima Greh and their locations, visit:‚Ä¶ https://t.co/Ua7Mmg9g0n",1,0,2021-11-24 07:30:39+00:00
398,@sustainablyurs @TransgenderNews @LgbtqIndia @LiveLawIndia @TGGuide @TransgenderU @GenderGP I hate to be the bearer‚Ä¶ https://t.co/v6azMToCIn,0,0,2021-11-23 19:16:03+00:00
399,"...society. Help them cover the distance from #marginalised to #mainstream. 
To know more, visit:‚Ä¶ https://t.co/inK9e0GCvO",1,0,2021-11-23 11:21:06+00:00
400,"RT @LgbtqIndia: Religion failed them, caste failed them, courts cannot: Devdutt Pattanaik on same-sex marriage https://t.co/sNcjg9QcXu via‚Ä¶",0,0,2021-11-23 01:52:42+00:00
401,"RT @LgbtqIndia: Religion failed them, caste failed them, courts cannot: Devdutt Pattanaik on same-sex marriage https://t.co/sNcjg9QcXu via‚Ä¶",0,0,2021-11-22 22:28:36+00:00
402,"RT @NISD_India: ...If anyone encounters a problem related to the #portal, there's #technical assistance available. Call us on +91 79 232682‚Ä¶",0,0,2021-11-22 17:40:46+00:00
403,"RT @LgbtqIndia: Religion failed them, caste failed them, courts cannot: Devdutt Pattanaik on same-sex marriage https://t.co/sNcjg9QcXu via‚Ä¶",0,0,2021-11-22 16:34:43+00:00
404,"RT @LgbtqIndia: Religion failed them, caste failed them, courts cannot: Devdutt Pattanaik on same-sex marriage https://t.co/sNcjg9QcXu via‚Ä¶",0,0,2021-11-22 10:16:19+00:00
405,RT @LgbtqIndia: Many Indian men are okay with their partners‚Äô sexual history as long as they don‚Äôt know details https://t.co/hltgoHNaCZ via‚Ä¶,0,0,2021-11-22 08:37:48+00:00
406,"RT @LgbtqIndia: Religion failed them, caste failed them, courts cannot: Devdutt Pattanaik on same-sex marriage https://t.co/sNcjg9QcXu via‚Ä¶",0,0,2021-11-22 07:58:08+00:00
407,"RT @LgbtqIndia: Cast Away: Members of the transgender community recall how neighbours, landlords turned against them when they got covid.
h‚Ä¶",0,0,2021-11-22 07:25:43+00:00
408,RT @LgbtqIndia: Are Indian restaurants and clubs truly LGBTQIA+ friendly? https://t.co/qYm4j8oUDH via @timesofindia,0,0,2021-11-22 07:03:59+00:00
409,"RT @LgbtqIndia: Religion failed them, caste failed them, courts cannot: Devdutt Pattanaik on same-sex marriage https://t.co/sNcjg9QcXu via‚Ä¶",0,0,2021-11-22 07:00:25+00:00
410,RT @LgbtqIndia: Are Indian restaurants and clubs truly LGBTQIA+ friendly? https://t.co/qYm4j8oUDH via @timesofindia,0,0,2021-11-22 06:57:45+00:00
411,"RT @LgbtqIndia: Gouri Kishan, Anagha shine in Tamil music video rooting for LGBT cause. https://t.co/xPpNUoX7lv via @dt_next",0,0,2021-11-22 06:56:27+00:00
412,Read The Liz Vicious Daily ‚ñ∏ today's top stories via @Nerdbunker @LgbtqIndia @derek_j_rob #solanart‚Ä¶ https://t.co/fATRdHDFRu,0,0,2021-11-22 06:07:26+00:00
413,"RT @rebel_queer_N: It's high time that those administering this so called ""conversion therapy"" and ""corrective r@pes"" need to be sent behin‚Ä¶",0,0,2021-11-21 22:00:11+00:00
414,"RT @rebel_queer_N: It's high time that those administering this so called ""conversion therapy"" and ""corrective r@pes"" need to be sent behin‚Ä¶",0,0,2021-11-21 21:52:36+00:00
415,"RT @rebel_queer_N: It's high time that those administering this so called ""conversion therapy"" and ""corrective r@pes"" need to be sent behin‚Ä¶",0,0,2021-11-21 18:48:45+00:00
416,RT @LgbtqIndia: Many Kerala families used lockdown to force queer persons into conversion therapy https://t.co/Z0cOo6r9aO,0,0,2021-11-21 18:25:00+00:00
417,RT @LgbtqIndia: Many Kerala families used lockdown to force queer persons into conversion therapy https://t.co/Z0cOo6r9aO,0,0,2021-11-21 17:30:56+00:00
418,"RT @rebel_queer_N: It's high time that those administering this so called ""conversion therapy"" and ""corrective r@pes"" need to be sent behin‚Ä¶",0,0,2021-11-21 15:43:39+00:00
419,"RT @LgbtqIndia: Coming out at 50 to raising kids who are allies: This author, LGBT+ advocate wants to spread love https://t.co/aU5rA09JzV v‚Ä¶",0,0,2021-11-21 15:19:21+00:00
420,"RT @LgbtqIndia: Love, actually: How female novelists are rewriting romance in India https://t.co/J0T0X0I5oQ",0,0,2021-11-21 09:49:17+00:00
421,RT @LgbtqIndia: Free at last: meet the men behind New Delhi‚Äôs first transgender salon https://t.co/KZuda5Eb9U via @scmpnews,0,0,2021-11-21 09:49:07+00:00
422,RT @LgbtqIndia: Many Kerala families used lockdown to force queer persons into conversion therapy https://t.co/Z0cOo6r9aO,0,0,2021-11-21 07:02:56+00:00
423,RT @LgbtqIndia: Paper cut : A gay judge is great but LGBTQ need much more than that https://t.co/wuUHpcgbUl,0,0,2021-11-21 06:59:00+00:00
424,RT @LgbtqIndia: Sunday Debate: Should only a trans person play a transgender? https://t.co/FNiXT5Eqak,0,0,2021-11-21 06:42:53+00:00
425,@LgbtqIndia Nothing to debate honey it's clear as a crystal,1,0,2021-11-21 06:33:58+00:00
426,"RT @rebel_queer_N: It's high time that those administering this so called ""conversion therapy"" and ""corrective r@pes"" need to be sent behin‚Ä¶",0,0,2021-11-21 06:11:17+00:00
427,RT @aakashmehrotra: Its high time to declare conversion therapy and corrective rapes a crime. Law needs to wake up to this injustice.,0,0,2021-11-21 06:08:06+00:00
428,RT @aakashmehrotra: Its high time to declare conversion therapy and corrective rapes a crime. Law needs to wake up to this injustice.,0,0,2021-11-21 06:01:44+00:00
429,Its high time to declare conversion therapy and corrective rapes a crime. Law needs to wake up to this injustice. https://t.co/CvdoJW36If,24,3,2021-11-21 05:45:53+00:00
430,"RT @rebel_queer_N: It's high time that those administering this so called ""conversion therapy"" and ""corrective r@pes"" need to be sent behin‚Ä¶",0,0,2021-11-21 05:42:48+00:00
431,"It's high time that those administering this so called ""conversion therapy"" and ""corrective r@pes"" need to be sent‚Ä¶ https://t.co/mCdXySDrq4",28,7,2021-11-21 05:17:30+00:00
432,"RT @Vignesh50880630: Corrective rape to change someone's sexual orientation, conversion therapy and irrational prescription of drugs to all‚Ä¶",0,0,2021-11-20 16:35:13+00:00
433,"RT @Vignesh50880630: Corrective rape to change someone's sexual orientation, conversion therapy and irrational prescription of drugs to all‚Ä¶",0,0,2021-11-20 16:32:50+00:00
434,RT @LgbtqIndia: Pakistan: Religious groups seek amendment to sex change law. They argue that the gender change law is promoting homosexuali‚Ä¶,0,0,2021-11-20 16:06:50+00:00
435,"RT @sustainablyurs: We kickstart the Transgender Awareness Week by highlighting the significance and how can we support the community.

Be‚Ä¶",0,0,2021-11-20 14:24:42+00:00
436,RT @LgbtqIndia: Queer caf√©s in India that are safe spaces for the community https://t.co/qitayppgsH,0,0,2021-11-20 13:31:57+00:00
437,RT @LgbtqIndia: Many Kerala families used lockdown to force queer persons into conversion therapy https://t.co/Z0cOo6r9aO,0,0,2021-11-20 12:47:26+00:00
438,RT @LgbtqIndia: Many Kerala families used lockdown to force queer persons into conversion therapy https://t.co/Z0cOo6r9aO,0,0,2021-11-20 12:10:01+00:00
439,RT @LgbtqIndia: Many Kerala families used lockdown to force queer persons into conversion therapy https://t.co/Z0cOo6r9aO,0,0,2021-11-20 10:49:34+00:00
440,Chee Chee Chee https://t.co/Wsn951obO4,0,0,2021-11-20 10:15:48+00:00
441,RT @LgbtqIndia: Many Kerala families used lockdown to force queer persons into conversion therapy https://t.co/Z0cOo6r9aO,0,0,2021-11-20 10:03:13+00:00
442,Despicable https://t.co/T88vuy4n5y,3,0,2021-11-20 09:38:50+00:00
443,"RT @Vignesh50880630: Corrective rape to change someone's sexual orientation, conversion therapy and irrational prescription of drugs to all‚Ä¶",0,0,2021-11-20 07:58:28+00:00
444,"With all other development and welfare indices you boast on, dear fellow keralites, your hands are with the unwashe‚Ä¶ https://t.co/KDFEMaxjCS",1,0,2021-11-20 07:41:55+00:00
445,RT @LgbtqIndia: Many Kerala families used lockdown to force queer persons into conversion therapy https://t.co/Z0cOo6r9aO,0,0,2021-11-20 07:22:39+00:00
446,RT @LgbtqIndia: Many Kerala families used lockdown to force queer persons into conversion therapy https://t.co/Z0cOo6r9aO,0,0,2021-11-20 07:21:01+00:00
447,RT @LgbtqIndia: Many Kerala families used lockdown to force queer persons into conversion therapy https://t.co/Z0cOo6r9aO,0,0,2021-11-20 07:20:11+00:00
448,RT @LgbtqIndia: Many Kerala families used lockdown to force queer persons into conversion therapy https://t.co/Z0cOo6r9aO,0,0,2021-11-20 06:47:38+00:00
449,RT @LgbtqIndia: Many Kerala families used lockdown to force queer persons into conversion therapy https://t.co/Z0cOo6r9aO,0,0,2021-11-20 06:32:53+00:00
450,RT @LgbtqIndia: Many Kerala families used lockdown to force queer persons into conversion therapy https://t.co/Z0cOo6r9aO,0,0,2021-11-20 06:13:03+00:00
451,RT @LgbtqIndia: Many Kerala families used lockdown to force queer persons into conversion therapy https://t.co/Z0cOo6r9aO,0,0,2021-11-20 06:00:50+00:00
452,RT @LgbtqIndia: Many Kerala families used lockdown to force queer persons into conversion therapy https://t.co/Z0cOo6r9aO,0,0,2021-11-20 05:46:35+00:00
453,"Corrective rape to change someone's sexual orientation, conversion therapy and irrational prescription of drugs to‚Ä¶ https://t.co/YFbFPIg8Uo",10,5,2021-11-20 05:27:18+00:00
454,RT @LgbtqIndia: Many Kerala families used lockdown to force queer persons into conversion therapy https://t.co/Z0cOo6r9aO,0,0,2021-11-20 05:17:18+00:00
455,@sustainablyurs @TransgenderNews @LgbtqIndia @LiveLawIndia @TGGuide @TransgenderU @GenderGP ew,0,0,2021-11-19 18:14:20+00:00
456,@LgbtqIndia Thanks yogi ji,0,0,2021-11-19 04:54:02+00:00
457,"RT @sustainablyurs: We kickstart the Transgender Awareness Week by highlighting the significance and how can we support the community.

Be‚Ä¶",0,0,2021-11-19 04:53:48+00:00
458,"RT @LgbtqIndia: This mother wants NCERT to bring back transgender manual, gets 5,600 supporters on online plea https://t.co/V8Laspd42E via‚Ä¶",0,0,2021-11-18 18:06:27+00:00
459,RT @LgbtqIndia: The Yogi Adityanath government appoint Sonam Kinnar as the vice-president of the Transgender Welfare Board. The post is equ‚Ä¶,0,0,2021-11-18 11:48:00+00:00
460,RT @LgbtqIndia: 25 transgender community leaders join Bilawal Bhutto's Pakistan Peoples Party (PPP). https://t.co/O6XZvk9xcv,0,0,2021-11-18 11:46:51+00:00
461,"...If anyone encounters a problem related to the #portal, there's #technical assistance available. Call us on +91 7‚Ä¶ https://t.co/hNVFConiSN",2,1,2021-11-18 09:09:30+00:00
462,RT @LgbtqIndia: Gender Change: Is it Easy in India? Sonia Pandey Shares Her Life Story https://t.co/cdD3GTOOqH via @indiatoday,0,0,2021-11-18 09:04:35+00:00
463,"RT @LgbtqIndia: Milestone for gay rights: SC Collegium picks gay advocate Saurabh Kirpal for Delhi High Court. If appointed, he will be Ind‚Ä¶",0,0,2021-11-18 06:16:27+00:00
464,"RT @LgbtqIndia: UP polls: Shahida Begum becomes first transgender elected representative in Khulna, Bangladesh. https://t.co/QZlWSM846W",0,0,2021-11-18 06:16:00+00:00
465,‡®π‡©Å‡®∏‡®º‡®ø‡®Ü‡®∞‡®™‡©Å‡®∞ : '‡®∏‡©à‡®£‡©Ä ‡®π‡®∏‡®™‡®§‡®æ‡®≤ ‡®Ö‡®§‡©á ‡®ü‡©à‡®∏‡®ü ‡®ü‡®ø‡®ä‡®¨ ‡®¨‡©á‡®¨‡©Ä ‡®∏‡©à‡®Ç‡®ü‡®∞' ‡®∏‡®Æ‡®≤‡®ø‡©∞‡®ó‡©Ä ‡®≤‡©ã‡®ï‡®æ‡®Ç ‡®≤‡®à '‡®ï‡®®‡®µ‡®∞‡®ú‡®º‡®® ‡®•‡©à‡®∞‡©á‡®™‡©Ä' ‡®™‡©ç‡®∞‡®¶‡®æ‡®® ‡®ï‡®∞‡®¶‡®æ ‡®π‡©à ‡®ú‡©ã ‡®ï‡®ø ‡®ó‡©à‡®∞-‡®µ‡®ø‡®ó‡®ø‚Ä¶ https://t.co/iX7O0oHjav,0,0,2021-11-17 21:46:05+00:00
466,"RT @LgbtqIndia: In this interview, Saurabh Kirpal explains why his sexuality had prevented him from being made a judge, and a change in att‚Ä¶",0,0,2021-11-17 19:15:13+00:00
467,RT @LgbtqIndia: National Council for Transgender Persons tells  government that proposed revisions in NCERT textbooks to bring sensitivity‚Ä¶,0,0,2021-11-17 18:38:07+00:00
468,"RT @LgbtqIndia: In this interview, Saurabh Kirpal explains why his sexuality had prevented him from being made a judge, and a change in att‚Ä¶",0,0,2021-11-17 18:28:35+00:00
469,@instagram @InstagramComms @Meta @FacebookWatch So this does not count under problematic speech? Okay!‚Ä¶ https://t.co/XYmoow0stL,0,0,2021-11-17 17:21:11+00:00
470,RT @irocksid: A fun and insightful chat with @parmeshs on his book #Queeristan. #QueerIndia #LGBTQ #LGBTQindia #SohoHouse #SohoHouseMumbai‚Ä¶,0,0,2021-11-17 17:12:09+00:00
471,A fun and insightful chat with @parmeshs on his book #Queeristan. #QueerIndia #LGBTQ #LGBTQindia #SohoHouse‚Ä¶ https://t.co/raVvQDq7rh,17,1,2021-11-17 16:10:55+00:00
472,"RT @LgbtqIndia: In a landmark decision, the Yogi Adityanath government is planning to set up a 'Kinnar Kalyan Board' for the welfare of tra‚Ä¶",0,0,2021-11-17 15:58:08+00:00
473,RT @HumsafarTrust: HST calls for abstracts to be submitted for 2nd National Symposium on LGBTQI+ Health being held in Delhi on Dec 9 - 11.‚Ä¶,0,0,2021-11-17 13:24:57+00:00
474,@GBgaybombay @gaysifamily @gaybombay @gayindia @meetdvdandher @gay_india @friendlyvicky @lgbteventsindia‚Ä¶ https://t.co/fbYutPRE35,1,0,2021-11-17 10:58:23+00:00
475,RT @HumsafarTrust: HST calls for abstracts to be submitted for 2nd National Symposium on LGBTQI+ Health being held in Delhi on Dec 9 - 11.‚Ä¶,0,0,2021-11-17 05:46:06+00:00
476,RT @LgbtqIndia: Androgynous Model Amit Bittoo Dey Has Been Advocating For Gender Fluidity With His Art &amp; We Love It https://t.co/yom0PUOjpN,0,0,2021-11-16 19:26:58+00:00
477,RT @HumsafarTrust: HST calls for abstracts to be submitted for 2nd National Symposium on LGBTQI+ Health being held in Delhi on Dec 9 - 11.‚Ä¶,0,0,2021-11-16 18:28:25+00:00
478,RT @LgbtqIndia: Androgynous Model Amit Bittoo Dey Has Been Advocating For Gender Fluidity With His Art &amp; We Love It https://t.co/yom0PUOjpN,0,0,2021-11-16 17:33:00+00:00
479,Noice https://t.co/6MBLI4ZnT2,0,0,2021-11-16 17:26:33+00:00
480,"RT @LgbtqIndia: Milestone for gay rights: SC Collegium picks gay advocate Saurabh Kirpal for Delhi High Court. If appointed, he will be Ind‚Ä¶",0,0,2021-11-16 17:23:56+00:00
481,HST calls for abstracts to be submitted for 2nd National Symposium on LGBTQI+ Health being held in Delhi on Dec 9 -‚Ä¶ https://t.co/FaudixScNV,17,4,2021-11-16 16:36:22+00:00
482,I think these docs are the ones who need help.. a little lgbtq+ enlightenment perhaps. https://t.co/en4H2DWMSy,0,0,2021-11-16 16:18:01+00:00
483,"#viratkohli
#lgbtqindia
#onecommune8 https://t.co/wWDdKSknMc",0,0,2021-11-16 13:28:55+00:00
484,Welcome to another day in india where boomers traumatise children day in and day out. https://t.co/yJy45UhWzD,2,0,2021-11-16 11:52:43+00:00
485,"RT @StudentsQueer: @LgbtqIndia Transgender, Non-binary, Intersex &amp; specially-abled students are not able to use any bathroom at schools

Al‚Ä¶",0,0,2021-11-16 11:49:34+00:00
486,"...&amp; #Kashmir and #Ladakh. It's aimed at answering questions related to the portal, where the #lgbtqia community ca‚Ä¶ https://t.co/EVeSDQu11C",2,0,2021-11-16 10:44:59+00:00
487,@LgbtqIndia architectures to come up with creative ideas as well as these changes can be economical and of course i‚Ä¶ https://t.co/9Tkf9SdEtO,0,0,2021-11-16 10:28:59+00:00
488,@LgbtqIndia gender binary. That's why we need unisex or gender-neutral or genderqueer bathroom in schools while foc‚Ä¶ https://t.co/2zapt2ojQ8,1,0,2021-11-16 10:26:22+00:00
489,@LgbtqIndia thirsty or try to wait until they get home to go to the bathroom because simply there is no bathrooms f‚Ä¶ https://t.co/9WiGnTEWYD,0,0,2021-11-16 10:13:51+00:00
490,"@LgbtqIndia Transgender, Non-binary, Intersex &amp; specially-abled students are not able to use any bathroom at school‚Ä¶ https://t.co/LPzO3tU5FA",0,1,2021-11-16 10:10:20+00:00
491,@LgbtqIndia isn‚Äôt it opposite of what they should be doing,0,0,2021-11-16 09:41:04+00:00
492,"@IJaising @ikaveri True?
The chances of Rüêíüêí Gobt. accepting #SaurabhKirpal elevation as an HC Judge are exactly the‚Ä¶ https://t.co/JWVk6HpvdA",0,0,2021-11-16 09:13:24+00:00
493,"RT @LgbtqIndia: Milestone for gay rights: SC Collegium picks gay advocate Saurabh Kirpal for Delhi High Court. If appointed, he will be Ind‚Ä¶",0,0,2021-11-16 08:54:03+00:00
494,"RT @LgbtqIndia: Milestone for gay rights: SC Collegium picks gay advocate Saurabh Kirpal for Delhi High Court. If appointed, he will be Ind‚Ä¶",0,0,2021-11-16 07:43:24+00:00
495,"...and is aimed at answering questions regarding the portal, where the #lgbtqia community can apply for their‚Ä¶ https://t.co/S2OFZkSONN",0,0,2021-11-16 06:48:04+00:00
496,"RT @LgbtqIndia: Milestone for gay rights: SC Collegium picks gay advocate Saurabh Kirpal for Delhi High Court. If appointed, he will be Ind‚Ä¶",0,0,2021-11-16 06:21:46+00:00
497,"RT @DoFactCheck: @LgbtqIndia SC Collegium ‡§®‡•á ‡§è‡§ï Open ‡§∏‡§Æ‡§≤‡•à‡§Ç‡§ó‡§ø‡§ï ‡§µ‡•ç‡§Ø‡§ï‡•ç‡§§‡§ø ‡§∏‡•å‡§∞‡§≠ ‡§ï‡§ø‡§∞‡§™‡§æ‡§≤ ‡§ï‡•ã ‡§ú‡§ú ‡§¨‡§®‡§æ‡§®‡•á ‡§ï‡•á ‡§≤‡§ø‡§è ‡§®‡§æ‡§Æ‡§ø‡§§ ‡§ï‡§ø‡§Ø‡§æ ‡§π‡•à -
‡§Ö‡§ó‡§∞ ‡§Æ‡•ã‡§¶‡•Ä ‡§∏‡§∞‡§ï‡§æ‡§∞ ‡§á‡§∏‡§Æ‡•á‡§Ç‚Ä¶",0,0,2021-11-16 04:50:11+00:00
498,"@LgbtqIndia SC Collegium ‡§®‡•á ‡§è‡§ï Open ‡§∏‡§Æ‡§≤‡•à‡§Ç‡§ó‡§ø‡§ï ‡§µ‡•ç‡§Ø‡§ï‡•ç‡§§‡§ø ‡§∏‡•å‡§∞‡§≠ ‡§ï‡§ø‡§∞‡§™‡§æ‡§≤ ‡§ï‡•ã ‡§ú‡§ú ‡§¨‡§®‡§æ‡§®‡•á ‡§ï‡•á ‡§≤‡§ø‡§è ‡§®‡§æ‡§Æ‡§ø‡§§ ‡§ï‡§ø‡§Ø‡§æ ‡§π‡•à -
‡§Ö‡§ó‡§∞ ‡§Æ‡•ã‡§¶‡•Ä ‡§∏‡§∞‡§ï‡§æ‡§∞‚Ä¶ https://t.co/bCgfaJClxa",0,1,2021-11-16 04:49:53+00:00
499,"RT @LgbtqIndia: Milestone for gay rights: SC Collegium picks gay advocate Saurabh Kirpal for Delhi High Court. If appointed, he will be Ind‚Ä¶",0,0,2021-11-16 03:47:55+00:00
